famille,animal,sex,Idfather,Idmother,handedness,id
1_bajawa,1_bajawafather,M,,,0.0,Parents
1_bajawa,1_bajawahusband,M,,,0.0,Parents
3_bajawa,3_bajawafather,M,,,0.0,Parents
7_langa,7_langafather,M,7_langaGP2,7_langaGP1,1.0,Parents
8_langa,8_langafather,M,,,0.0,Parents
10_langa,10_langafather,M,,,0.0,Parents
11_langa,11_langafather,M,11_langaGP2,11_langaGP1,1.0,Parents
12_langa,12_langafather,M,,,0.0,Parents
13_langa,13_langafather,M,13_langaGP2,13_langaGP1,0.0,Parents
14_langa,14_langafather,M,,,0.0,Parents
15_langa,15_langafather,M,,,0.0,Parents
17_bajawa,17_bajawafather,M,,,0.0,Parents
22_bajawa,22_bajawafather,M,,,0.0,Parents
23_bajawa,23_bajawafather,M,,,0.0,Parents
24_cuncalawar,24_cuncalawarfather,M,24_cuncalawarGP2,24_cuncalawarGP1,0.0,Parents
25_cuncalawar,25_cuncalawarfather,M,,,0.0,Parents
27_cuncalawar,27_cuncalawarfather,M,27_cuncalawarGP2,27_cuncalawarGP1,0.0,Parents
28_ruteng,28_rutengfather,M,,,0.0,Parents
28_ruteng,28_rutenghusband,M,,,0.0,Parents
28_ruteng,28_rutenghusbandc1,M,28_rutengGP3,28_rutengGP4,0.0,Parents
31_ruteng,31_rutengfather,M,31_rutengGP2,31_rutengGP1,0.0,Parents
33_ruteng,33_rutengfather,M,,,0.0,Parents
34_ruteng,34_rutengfather,M,34_rutengGP2,34_rutengGP1,0.0,Parents
35_ruteng,35_rutengfather,M,35_rutengGP2,35_rutengGP1,0.0,Parents
36_ruteng,36_rutengfather,M,36_rutengGP2,36_rutengGP1,0.0,Parents
37_ruteng,37_rutengfather,M,37_rutengGP2,37_rutengGP1,0.0,Parents
38_ruteng,38_rutengfather,M,,,0.0,Parents
39_ruteng,39_rutengfather,M,39_rutengGP2,39_rutengGP1,0.0,Parents
40_ruteng,40_rutengfather,M,,,0.0,Parents
41-ruteng,41-rutengfather,M,,,0.0,Parents
42_cuncalawar,42_cuncalawarfather,M,42_cuncalawarGP2,42_cuncalawarGP1,0.0,Parents
44_cuncalawar,44_cuncalawarfather,M,,,0.0,Parents
45_cuncalawar,45_cuncalawarfather,M,45_cuncalawarGP1,45_cuncalawarGP2,0.0,Parents
46_cuncalawar,46_cuncalawarfather,M,46_cuncalawarGP1,46_cuncalawarGP2,0.0,Parents
46_cuncalawar,46_cuncalawarfather43,M,,,0.0,Parents
47_cuncalawar,47_cuncalawarfather,M,,,0.0,Parents
48_cuncalawar,48_cuncalawarfather,M,,,0.0,Parents
49_cuncalawar,49_cuncalawarfather,M,49_cuncalawarGP2,49_cuncalawarGP1,0.0,Parents
50_ruteng,50_rutengfather,M,50_rutengGP2,50_rutengGP1,0.0,Parents
51_ruteng,51_rutengfather,M,51_rutengGP1,51_rutengGP2,0.0,Parents
52_ruteng,52_rutengfather,M,,,0.0,Parents
53_ruteng,53_rutengfather,M,53_rutengGP1,53_rutengGP2,0.0,Parents
53_ruteng,53_rutengfatherb,M,53_rutengGP1b,53_rutengGP2b,0.0,Parents
55_ruteng,55_rutengfather,M,,,0.0,Parents
56_Bouwa,56_Bouwafather,M,,,0.0,Parents
57_Bouwa,57_Bouwafather,M,57_BouwaGP1,57_BouwaGP2,0.0,Parents
58_Bouwa,58_Bouwafather,M,58_BouwaGP2,58_BouwaGP1,0.0,Parents
59_Bouwa,59_Bouwafather,M,59_BouwaGP1,59_BouwaGP2,0.0,Parents
59_Bouwa,59_Bouwasmother3,M,59_BouwaGP4,59_BouwaGP3,0.0,Parents
60_Bouwa,60_Bouwafather,M,,,0.0,Parents
62_Bouwa,62_Bouwafather,M,,,0.0,Parents
64_Bouwa,64_Bouwafather,M,64_BouwaGP1,64_BouwaGP2,0.0,Parents
65_Bouwa,65_Bouwafather,M,,,1.0,Parents
66_Bouwa,66_Bouwafather,M,66_BouwaGP2,66_BouwaGP1,0.0,Parents
69_Bouwa,69_Bouwafather,M,,,0.0,Parents
69_Bouwa,69_Bouwashusband7hus,M,69_Bouwafather3,69_Bouwamother3,1.0,Parents
69_Bouwa,69_Bouwafather3,M,69_BouwaGP11,69_BouwaGP12,0.0,Parents
72_Bouwa,72_Bouwafather,M,,,0.0,Parents
73_Bouwa,73_Bouwafather,M,73_BouwaGP3,73_BouwaGP4,0.0,Parents
76_Langa,76_Langafather,M,76_LangaGP3,76_LangaGP4,0.0,Parents
77_Langa,77_Langafather,M,77_LangaGP3,77_LangaGP4,0.0,Parents
78_Langa,78_Langafather,M,,,1.0,Parents
79_Langa,79_Langafather,M,79_LangaGP3,79_LangaGP4,0.0,Parents
80_Langa,80_Langafather,M,,,0.0,Parents
81_Langa,81_Langafather,M,,,0.0,Parents
82-bena,82-benao2,M,82-benaGP3,82-benaGP4,0.0,Parents
82-bena,82-benafather,M,82-benaGP3,82-benaGP4,0.0,Parents
84_bena,84_benafather,M,84_benaGP2,84_benaGP1,1.0,Parents
85_bena,85_benafather,M,85_benaGP2,85_benaGP1,0.0,Parents
86_bena,86_benafather,M,,,0.0,Parents
87_dariwali,87_dariwalifather,M,87_dariwaliGP2,87_dariwaliGP1,0.0,Parents
88_dariwali,88_dariwalifather,M,88_dariwaliGP2,88_dariwaliGP1,0.0,Parents
89_dariwali,89_dariwalifather,M,,,0.0,Parents
89_dariwali,89_dariwalifather90,M,89_dariwaliGP6,89_dariwaliGP5,0.0,Parents
89_dariwali,89_dariwaliO6,M,89_dariwaliGP7,89_dariwaliGP8,0.0,Parents
92_dariwali,92_dariwalifather,M,92_dariwaliGP2,92_dariwaliGP1,0.0,Parents
93_dariwali,93_dariwalifather,M,93_dariwaliGP2,93_dariwaliGP1,1.0,Parents
94_dariwali,94_dariwalifather,M,,,0.0,Parents
95_dariwali,95_dariwalifather,M,95_dariwaliGP2,95_dariwaliGP1,0.0,Parents
96_dariwali,96_dariwalifather,M,,,0.0,Parents
97_seso,97_sesofather,M,97_sesoGP2,97_sesoGP1,0.0,Parents
98_seso,98_sesofather,M,98_sesoGP2,98_sesoGP1,1.0,Parents
99_mulu,99_mulufather,M,99_muluGP2,99_muluGP1,0.0,Parents
100_mulu,100_mulufather,M,100_muluGP2,100_muluGP1,0.0,Parents
100_mulu,100_mulu103muluo5,M,100_mului3husband,100_mului3,0.0,Parents
102_mulu,102_mulufather,M,102_muluGP2,102_muluGP1,0.0,Parents
104_mulu,104_mulufather,M,,,0.0,Parents
105_mulu,105_mulufather,M,105_muluGP2,105_muluGP1,0.0,Parents
106_wangka,106_wangkafather,M,106_wangkaGP2,106_wangkaGP1,0.0,Parents
108_wangka,108_wangkafather,M,108_wangkaGP2,108_wangkaGP1,0.0,Parents
109_wangka,109_wangkafather,M,109_wangkaGP2,109_wangkaGP1,0.0,Parents
110_wangka,110_wangkafather,M,110_wangkaGP2,110_wangkaGP1,0.0,Parents
111_wangka,111_wangkafather,M,111_wangkaGP2,111_wangkaGP1,0.0,Parents
112_wangka,112_wangkafather,M,,,0.0,Parents
115_wangka,115_wangkafather,M,,,0.0,Parents
116_bowae,116_bowaefather,M,116_bowaeGP2,116_bowaeGP1,1.0,Parents
117_bowae,117_bowaefather,M,117_bowaeGP2,117_bowaeGP1,0.0,Parents
118_bowae,118_bowaefather,M,118_bowaeGP2,118_bowaeGP1,0.0,Parents
119_aigela,119_aigelafather,M,119_aigelaGP2,119_aigelaGP1,0.0,Parents
120_aigela,120_aigelafather,M,120_aigelaGP2,120_aigelaGP1,0.0,Parents
121_aigela,121_aigelafather,M,121_aigelaGP2,121_aigelaGP1,0.0,Parents
122_olaiya,122_olaiyafather,M,,,1.0,Parents
123_olaiya,123_olaiyafather,M,123_olaiyaGP2,123_olaiyaGP1,0.0,Parents
124_dam,124_damfather,M,124_damGP2,124_damGP1,0.0,Parents
124_dam,124_dams1husband,M,124_damGP5,124_damGP6,0.0,Parents
126_dam,126_damfather,M,,,0.0,Parents
126_dam,126_damhusband,M,,,0.0,Parents
127_danga,127_dangafather,M,,,0.0,Parents
127_dam,127_damfather,M,127_damGP2,127_damGP1,0.0,Parents
128_danga,128_dangafather,M,128_dangaGP2,128_dangaGP1,0.0,Parents
129_danga,129_dangafather,M,,,0.0,Parents
129b_aeramo,129b_aeramofather,M,,,0.0,Parents
130_aeramo,130_aeramofather,M,,,0.0,Parents
131_aeramo,131_aeramofather,M,,,0.0,Parents
132_aeramo,132_aeramofather,M,,,0.0,Parents
133_dhawe,133_dhawefather,M,133_dhaweGP2,133_dhaweGP1,0.0,Parents
135_dhawe,135_dhawefather,M,135_dhaweGP2,135_dhaweGP1,0.0,Parents
136_dhawe,136_dhawefather,M,136_dhaweGP2,136_dhaweGP1,0.0,Parents
137_dhawe,137_dhawefather,M,137_dhaweGP2,137_dhaweGP1,0.0,Parents
139_dhawe,139_dhawefather,M,139_dhaweGP2,139_dhaweGP1,1.0,Parents
140_dhawe,140_dhawefather,M,,,0.0,Parents
141_dhawe,141_dhawefather,M,141_dhaweGP2,141_dhaweGP1,0.0,Parents
142_dhawe,142_dhawefather,M,142_dhaweGP2,142_dhaweGP1,0.0,Parents
143_dhawe,143_dhawefather,M,,,0.0,Parents
144_dhawe,144_dhawefather,M,144_dhaweGP2,144_dhaweGP1,0.0,Parents
145_lengkosambi,145_lengkosambifather,M,,,0.0,Parents
146_lengkosambi,146_lengkosambifather,M,146_lengkosambiGP2,146_lengkosambiGP1,0.0,Parents
147_lengkosambi,147_lengkosambifather,M,147_lengkosambiGP2,147_lengkosambiGP1,0.0,Parents
148_lengkosambi,148_lengkosambifather,M,148_lengkosambiGP2,148_lengkosambiGP1,0.0,Parents
149_lengkosambi,149_lengkosambifather,M,149_lengkosambiGP2,149_lengkosambiGP1,0.0,Parents
151_lengkosambi,151_lengkosambifather,M,151_lengkosambiGP2,151_lengkosambiGP1,0.0,Parents
152_lengkosambi,152_lengkosambifather,M,,,0.0,Parents
153_lengkosambi,153_lengkosambifather,M,,,0.0,Parents
155_lengkosambi,155_lengkosambifather,M,,,0.0,Parents
156_kadhaebo,156_kadhaebofather,M,,,0.0,Parents
157_kadhaebo,157_kadhaebofather,M,157_kadhaeboGP2,157_kadhaeboGP1,0.0,Parents
158_kadhaebo,158_kadhaebofather,M,,,0.0,Parents
159_nataite,159_nataitefather,M,,,0.0,Parents
160_nataite,160_nataitefather,M,,,0.0,Parents
163_warukasu,163_warukasufather,M,,,0.0,Parents
164_Mbua,164_Mbuafather,M,,,0.0,Parents
165_wajakea,165_wajakeafather,M,,,0.0,Parents
166_wajakea,166_wajakeafather,M,,,0.0,Parents
169_wajakea,169_wajakeafather,M,,,0.0,Parents
170_numbarara,170_numbararafather,M,,,0.0,Parents
172_woedoa,172_woedoafather,M,172_woedoaGP2,172_woedoaGP1,1.0,Parents
173_woedoa,173_woedoafather,M,173_woedoaGP2,173_woedoaGP1,0.0,Parents
174_ulupulu,174_ulupulufather,M,174_ulupuluGP2,174_ulupuluGP1,1.0,Parents
175_ulupulu,175_ulupulufather,M,175_ulupuluGP2,175_ulupuluGP1,1.0,Parents
176_ulupulu,176_ulupulufather,M,,,0.0,Parents
177_raja,177_rajafather,M,177_rajaGP2,177_rajaGP1,1.0,Parents
178_raja,178_rajafather,M,,,0.0,Parents
179_raja,179_rajafather,M,,,1.0,Parents
180_raja,180_rajafather,M,,,0.0,Parents
180_wolowea,180_woloweafather,M,180_woloweaGP2,180_woloweaGP1,0.0,Parents
182_nageoga,182_nageogafather,M,182_nageogaGP2,182_nageogaGP1,0.0,Parents
183_nageoga,183_nageogafather,M,183_nageogaGP2,183_nageogaGP1,0.0,Parents
184_nageoga,184_nageogafather,M,,,0.0,Parents
185_nageoga,185_nageogafather,M,,,0.0,Parents
186_nageoga,186_nageogafather,M,186_nageogaGP2,186_nageogaGP1,0.0,Parents
187_jawalaghi,187_jawalaghifather,M,187_jawalaghiGP2,187_jawalaghiGP1,0.0,Parents
188_jawalaghi,188_jawalaghifather,M,,,0.0,Parents
189_jawalaghi,189_jawalaghifather,M,189_jawalaghiGP2,189_jawalaghiGP1,0.0,Parents
190_jawalaghi,190_jawalaghifather,M,190_jawalaghiGP2,190_jawalaghiGP1,0.0,Parents
191_bajawa,191_bajawafather,M,,,0.0,Parents
192_bajawa,192_bajawafather,M,192_bajawaGP2,192_bajawaGP1,0.0,Parents
193_bajawa,193_bajawas1,M,193_bajawafather,193_bajawamother,0.0,Parents
194_bajawa,194_bajawafather,M,194_bajawaGP2,194_bajawaGP1,0.0,Parents
195_bajawa,195_bajawafather,M,195_bajawaGP2,195_bajawaGP1,0.0,Parents
196_bajawa,196_bajawafather,M,196_bajawaGP2,196_bajawaGP1,1.0,Parents
197_bajawa,197_bajawafather,M,197_bajawaGP2,197_bajawaGP1,0.0,Parents
006_sik,006_sikfather,M,006_sikGP1,006_sikGP2,0.0,Parents
007_sik,007_sikfather,M,007_sikGP1,007_sikGP2,0.0,Parents
008_sik,008_sikfather,M,008_sikGP1,008_sikGP2,0.0,Parents
009_sik,009_sikfather,M,009_sikGP1,009_sikGP2,0.0,Parents
010_sik,010_sikfather,M,010_sikGP1,010_sikGP2,0.0,Parents
011_sik,011_sikfather,M,011_sikGP1,011_sikGP2,0.0,Parents
012_sik,012_sikfather,M,012_sikGP1,012_sikGP2,0.0,Parents
014_sik,014_sikfather,M,,,0.0,Parents
015_sik,015_sikfather,M,015_sikGP1,015_sikGP2,0.0,Parents
019_sik,019_sikfather,M,,,0.0,Parents
020_sik,020_sikfather,M,020_sikGP1,020_sikGP2,0.0,Parents
021_sik,021_sikfather,M,021_sikGP1,021_sikGP2,0.0,Parents
023_sik,023_sikfather,M,023_sikGP1,023_sikGP2,0.0,Parents
024_sik,024_sikfather,M,024_sikGP1,024_sikGP2,0.0,Parents
025_sik,025_sikego,M,025_sikfather,025_sikmother,0.0,Parents
025_sik,025_sikfather,M,025_sikGP1,025_sikGP2,0.0,Parents
026_end,026_endfather,M,026_endGP1,026_endGP2,0.0,Parents
027_end,027_endfather,M,027_endGP1,027_endGP2,1.0,Parents
029_end,029_endfather,M,029_endGP1,029_endGP2,0.0,Parents
030_end,030_endfather,M,030_endGP1,030_endGP2,0.0,Parents
031_end,031_endfather,M,,,0.0,Parents
032_end,032_endfather,M,032_endGP1,032_endGP2,1.0,Parents
033_end,033_endfather,M,,,0.0,Parents
034_end,034_endfather,M,034_endGP1,034_endGP2,0.0,Parents
035_end,035_endfather,M,,,0.0,Parents
037_end,037_endfather,M,037_endGP1,037_endGP2,0.0,Parents
038_end,038_endfather,M,038_endGP1,038_endGP2,0.0,Parents
039_end,039_endfather,M,,,0.0,Parents
040_end,040_endfather,M,,,0.0,Parents
041_end,041_endfather,M,041_endGP1,041_endGP2,0.0,Parents
042_end,042_endfather,M,,,0.0,Parents
043_sik,043_sikfather,M,043_sikGP1,043_sikGP2,0.0,Parents
044_sik,044_sikfather,M,044_sikGP1,044_sikGP2,0.0,Parents
046_sik,046_sikfather,M,046_sikGP1,046_sikGP2,0.0,Parents
047_end,047_endfather,M,047_endGP1,047_endGP2,1.0,Parents
049_end,049_endfather,M,049_endGP1,049_endGP2,0.0,Parents
050_end,050_endfather,M,050_endGP1,050_endGP2,0.0,Parents
052_end,052_endfather,M,052_endGP1,052_endGP2,0.0,Parents
053_end,053_endfather,M,053_endGP1,053_endGP2,0.0,Parents
054_sik,054_sikfather,M,054_sikGP1,054_sikGP2,0.0,Parents
055_end,055_endfather,M,055_endGP1,055_endGP2,0.0,Parents
056_end,056_endfather,M,056_endGP1,056_endGP2,0.0,Parents
057_end,057_endfather,M,,,0.0,Parents
057_end,057_endGP1,M,,,0.0,Parents
059_end,059_endfather,M,,,0.0,Parents
061_end,061_endfather,M,,,0.0,Parents
062_end,062_endfather,M,,,0.0,Parents
063_end,063_endfather,M,063_endGP1,063_endGP2,0.0,Parents
064_end,064_endS1husband,M,,,0.0,Parents
064_end,064_endfather,M,,,0.0,Parents
065_end,065_endfather,M,,,1.0,Parents
066_end,066_endego,M,066_endfather,066_endmother,0.0,Parents
066_end,066_endfather,M,,,0.0,Parents
069_end,069_endfather,M,,,0.0,Parents
070_end,070_endfather,M,,,0.0,Parents
071_end,071_endfather,M,,,0.0,Parents
072_end,072_endfather,M,072_endGP1,072_endGP2,0.0,Parents
073_end,073_endfather,M,073_endGP1,073_endGP2,0.0,Parents
075_end,075_endi1,M,075_endGP1,075_endGP2,1.0,Parents
075_end,075_endfather,M,,,1.0,Parents
076_end,076_endfather,M,076_endGP1,076_endGP2,0.0,Parents
079_end,079_endfather,M,,,0.0,Parents
079_end,079_endi1,M,,,0.0,Parents
080_end,080_endfather,M,,,0.0,Parents
082_end,082_endfather,M,,,0.0,Parents
083_end,083_endfather,M,083_endGP1,083_endGP2,0.0,Parents
085_end,085_ends3,M,085_endfather,085_endmother,0.0,Parents
085_end,085_ends2husband,M,085_endO1,085_endO2,0.0,Parents
085_end,085_endfather,M,,,0.0,Parents
086_end,086_endfather,M,086_endGP1,086_endGP2,0.0,Parents
088_end,088_endfather,M,,,0.0,Parents
090_end,090_endfather,M,090_endGP1,090_endGP2,0.0,Parents
095_end,095_endfather,M,,,0.0,Parents
096_end,096_endfather,M,,,0.0,Parents
097_end,097_endfather,M,097_endGP1,097_endGP2,1.0,Parents
098_end,098_endfather,M,098_endGP1,098_endGP2,0.0,Parents
099_end,099_endfather,M,,,0.0,Parents
100_end,100_endfather,M,100_endGP1,100_endGP2,1.0,Parents
101_end,101_endfather,M,101_endGP1,101_endGP2,0.0,Parents
102_end,102_endfather,M,102_endGP1,102_endGP2,0.0,Parents
103_end,103_endfather,M,,,1.0,Parents
104_end,104_endfather,M,104_endGP1,104_endGP2,0.0,Parents
105_end,105_endfather,M,,,0.0,Parents
105_end,105_endi1,M,105_endGP1,105_endGP2,0.0,Parents
107_end,107_endfather,M,,,0.0,Parents
114_end,114_endfather,M,114_endGP1,114_endGP2,0.0,Parents
115_end,115_endfather,M,,,0.0,Parents
116_end,116_endfather,M,,,0.0,Parents
119_end,119_endfather,M,,,0.0,Parents
120_end,120_endfather,M,120_endGP1,120_endGP2,0.0,Parents
121_end,121_endfather,M,,,0.0,Parents
122_end,122_endfather,M,122_endGP1,122_endGP2,0.0,Parents
123_end,123_endfather,M,,,0.0,Parents
124_end,124_endfather,M,124_endGP1,124_endGP2,0.0,Parents
125_end,125_endfather,M,,,0.0,Parents
126_end,126_endfather,M,126_endGP1,126_endGP2,0.0,Parents
127_end,127_endfather,M,,,0.0,Parents
128_end,128_endfather,M,128_endGP1,128_endGP2,0.0,Parents
129_end,129_endfather,M,,,0.0,Parents
130_end,130_endfather,M,130_endGP1,130_endGP2,0.0,Parents
131_sik,131_sikfather,M,,,0.0,Parents
136_sik,136_sikfather,M,,,0.0,Parents
138_sik,138_sikfather,M,138_sikGP1,138_sikGP2,0.0,Parents
139_sik,139_sikfather,M,,,0.0,Parents
140_sik,140_sikfather,M,140_sikGP1,140_sikGP2,0.0,Parents
141_sik,141_sikfather,M,,,0.0,Parents
142_sik,142_sikfather,M,142_sikGP1,142_sikGP2,0.0,Parents
143_sik,143_sikfather,M,,,0.0,Parents
144_sik,144_sikfather,M,144_sikGP1,144_sikGP2,0.0,Parents
145_sik,145_sikfather,M,145_sikGP1,145_sikGP2,0.0,Parents
146_sik,146_sikfather,M,146_sikGP1,146_sikGP2,0.0,Parents
147_sik,147_sikfather,M,147_sikGP1,147_sikGP2,0.0,Parents
148_sik,148_sikfather,M,148_sikGP1,148_sikGP2,1.0,Parents
150_sik,150_sikfather,M,150_sikGP1,150_sikGP2,0.0,Parents
151_sik,151_sikhusband,M,,,0.0,Parents
151_sik,151_sikfather,M,,,1.0,Parents
152_sik,152_sikfather,M,152_sikGP1,152_sikGP2,0.0,Parents
153_sik,153_sikfather,M,,,0.0,Parents
154_sik,154_sikfather,M,154_sikGP1,154_sikGP2,0.0,Parents
155_sik,155_sikfather,M,155_sikGP1,155_sikGP2,0.0,Parents
156_sik,156_sikfather,M,,,0.0,Parents
157_sik,157_sikfather,M,157_sikGP1,157_sikGP2,0.0,Parents
158_sik,158_sikfather,M,158_sikGP1,158_sikGP2,1.0,Parents
159_sik,159_sikfather,M,,,1.0,Parents
160_sik,160_sikfather,M,,,0.0,Parents
165_sik,165_sikfather,M,,,0.0,Parents
166_sik,166_sikfather,M,166_sikGP1,166_sikGP2,0.0,Parents
167_sik,167_sikGP1,M,,,0.0,Parents
167_sik,167_sikfather,M,167_sikGP1,167_sikGP2,1.0,Parents
169_sik,169_sikfather,M,,,0.0,Parents
170_sik,170_sikfather,M,,,0.0,Parents
171_sik,171_sikfather,M,,,0.0,Parents
172_sik,172_sikfather,M,,,0.0,Parents
173_sik,173_sikfather,M,,,0.0,Parents
174_sik,174_sikfather,M,174_sikGP1,174_sikGP2,0.0,Parents
175_sik,175_sikfather,M,175_sikGP1,175_sikGP2,0.0,Parents
176_sik,176_sikfather,M,176_sikGP1,176_sikGP2,1.0,Parents
177_sik,177_sikfather,M,177_sikGP1,177_sikGP2,0.0,Parents
178_sik,178_sikfather,M,178_sikGP1,178_sikGP2,0.0,Parents
179_sik,179_sikfather,M,,,0.0,Parents
180_sik,180_sikfather,M,,,1.0,Parents
181_sik,181_sikfather,M,181_sikGP1,181_sikGP2,0.0,Parents
182_sik,182_sikfather,M,,,1.0,Parents
183_sik,183_sikfather,M,183_sikGP1,183_sikGP2,0.0,Parents
184_sik,184_sikfather,M,184_sikGP1,184_sikGP2,0.0,Parents
185_sik,185_sikfather,M,,,0.0,Parents
187_sik,187_sikfather,M,187_sikGP1,187_sikGP2,0.0,Parents
188_sik,188_sikfather,M,,,0.0,Parents
189_sik,189_sikfather,M,189_sikGP1,189_sikGP2,0.0,Parents
190_sik,190_sikfather,M,190_sikGP1,190_sikGP2,0.0,Parents
191_sik,191_sikfather,M,191_sikGP1,191_sikGP2,0.0,Parents
192_sik,192_sikfather,M,192_sikGP1,192_sikGP2,0.0,Parents
193_sik,193_sikfather,M,193_sikGP1,193_sikGP2,0.0,Parents
194_sik,194_sikfather,M,,,0.0,Parents
195_sik,195_sikfather,M,195_sikGP1,195_sikGP2,0.0,Parents
196_sik,196_sikfather,M,196_sikGP1,196_sikGP2,1.0,Parents
197_sik,197_sikfather,M,197_sikGP1,197_sikGP2,0.0,Parents
198_sik,198_sikfather,M,198_sikGP1,198_sikGP2,0.0,Parents
199_sik,199_sikfather,M,,,0.0,Parents
200_sik,200_sikfather,M,200_sikGP1,200_sikGP2,0.0,Parents
201_sik,201_sikfather,M,,,0.0,Parents
202_sik,202_sikfather,M,202_sikGP1,202_sikGP2,0.0,Parents
203_sik,203_sikfather,M,,,0.0,Parents
204_ftm,204_ftmfather,M,204_ftmGP1,204_ftmGP2,0.0,Parents
205_ftm,205_ftmfather,M,,,0.0,Parents
206_ftm,206_ftmfather,M,,,0.0,Parents
207_ftm,207_ftmfather,M,,,0.0,Parents
207_ftm,207_ftmi1,M,207_ftmGP1,207_ftmGP2,0.0,Parents
209_ftm,209_ftmfather,M,209_ftmGP1,209_ftmGP2,0.0,Parents
210_ftm,210_ftmfather,M,,,0.0,Parents
212_ftm,212_ftmfather,M,212_ftmGP1,212_ftmGP2,0.0,Parents
213_ftm,213_ftmfather,M,,,0.0,Parents
214_ftm,214_ftmfather,M,214_ftmGP1,214_ftmGP2,0.0,Parents
215_ftm,215_ftmfather,M,215_ftmGP1,215_ftmGP2,0.0,Parents
217_ftm,217_ftmfather,M,217_ftmGP1,217_ftmGP2,0.0,Parents
218_ftm,218_ftmfather,M,218_ftmGP1,218_ftmGP2,0.0,Parents
219_ftm,219_ftmfather,M,,,0.0,Parents
221_ftm,221_ftmi1,M,,,0.0,Parents
221_ftm,221_ftmfather,M,221_ftmGP1,221_ftmGP2,0.0,Parents
222_ftm,222_ftmfather,M,222_ftmGP1,222_ftmGP2,1.0,Parents
224_ftm,224_ftmfather,M,,,0.0,Parents
225_ftm,225_ftmfather,M,225_ftmGP1,225_ftmGP2,0.0,Parents
226_ftm,226_ftmfather,M,,,0.0,Parents
227_ftm,227_ftmfather,M,227_ftmGP1,227_ftmGP2,0.0,Parents
228_ftm,228_ftmfather,M,,,0.0,Parents
229_ftm,229_ftmfather,M,,,0.0,Parents
230_ftm,230_ftmfather,M,230_ftmGP1,230_ftmGP2,0.0,Parents
231_ftm,231_ftmfather,M,,,0.0,Parents
232_ftm,232_ftmfather,M,232_ftmGP1,232_ftmGP2,0.0,Parents
233_ftm,233_ftmfather,M,233_ftmGP1,233_ftmGP2,0.0,Parents
234_ftm,234_ftmfather,M,,,0.0,Parents
235_ftm,235_ftmfather,M,,,0.0,Parents
236_ftm,236_ftmfather,M,236_ftmGP1,236_ftmGP2,0.0,Parents
237_ftm,237_ftmfather,M,,,0.0,Parents
238_ftm,238_ftmfather,M,238_ftmGP1,238_ftmGP2,1.0,Parents
239_ftm,239_ftmfather,M,239_ftmGP1,239_ftmGP2,0.0,Parents
240_ftm,240_ftmfather,M,240_ftmGP1,240_ftmGP2,0.0,Parents
241_ftm,241_ftmfather,M,,,0.0,Parents
243_ftm,243_ftmfather,M,243_ftmGP1,243_ftmGP2,0.0,Parents
245_ftm,245_ftmfather,M,245_ftmGP1,245_ftmGP2,0.0,Parents
246_ftm,246_ftmfather,M,246_ftmGP1,246_ftmGP2,0.0,Parents
247_ftm,247_ftmfather,M,247_ftmGP1,247_ftmGP2,0.0,Parents
248_ftm,248_ftmfather,M,,,0.0,Parents
249_ftm,249_ftmfather,M,,,0.0,Parents
250_ftm,250_ftmfather,M,,,0.0,Parents
251_ftm,251_ftmfather,M,251_ftmGP1,251_ftmGP2,0.0,Parents
252_ftm,252_ftmfather,M,,,0.0,Parents
254_ftm,254_ftmfather,M,,,0.0,Parents
255_ftm,255_ftmfather,M,255_ftmGP1,255_ftmGP2,0.0,Parents
256_ftm,256_ftmfather,M,,,0.0,Parents
257_ftm,257_ftmfather,M,257_ftmGP1,257_ftmGP2,0.0,Parents
258_ftm,258_ftmfather,M,258_ftmGP1,258_ftmGP2,0.0,Parents
260_ftm,260_ftmfather,M,,,0.0,Parents
261_ftm,261_ftmfather,M,261_ftmGP1,261_ftmGP2,0.0,Parents
263_ftm,263_ftmfather,M,263_ftmGP1,263_ftmGP2,0.0,Parents
264_ftm,264_ftmfather,M,264_ftmGP1,264_ftmGP2,0.0,Parents
265_ftm,265_ftmfather,M,265_ftmGP1,265_ftmGP2,0.0,Parents
266_ftm,266_ftmi1,M,,,0.0,Parents
266_ftm,266_ftmfather,M,,,0.0,Parents
267_ftm,267_ftmfather,M,267_ftmGP1,267_ftmGP2,0.0,Parents
270_ftm,270_ftmfather,M,270_ftmGP1,270_ftmGP2,0.0,Parents
270_ftm,270_ftmi1,M,270_ftmgp5,270_ftmgp6,0.0,Parents
273_ftm,273_ftmfather,M,,,0.0,Parents
274_ftm,274_ftmfather,M,274_ftmGP1,274_ftmGP2,0.0,Parents
275_ftm,275_ftmfather,M,275_ftmGP1,275_ftmGP2,0.0,Parents
276_ftm,276_ftmfather,M,276_ftmGP1,276_ftmGP2,0.0,Parents
277_ftm,277_ftmfather,M,,,0.0,Parents
278_ftm,278_ftmfather,M,,,0.0,Parents
274a_ftm,274a_ftmfather,M,,,0.0,Parents
276a_ftm,276a_ftmego275a,M,276a_ftmGP1,276a_ftmGP2,0.0,Parents
276a_ftm,276a_ftmGP1,M,,,1.0,Parents
276a_ftm,276a_ftmi1,M,276a_ftmgp5,276a_ftmgp6,0.0,Parents
277a_ftm,277a_ftmfather,M,277a_ftmGP1,277a_ftmGP2,0.0,Parents
278a_ftm,278a_ftmfather,M,278a_ftmGP1,278a_ftmGP2,0.0,Parents
286_ftm,286_ftmfather,M,,,0.0,Parents
287_ftm,287_ftmfather,M,287_ftmGP1,287_ftmGP2,0.0,Parents
288_ftm,288_ftmfather,M,,,0.0,Parents
289_ftm,289_ftmfather,M,289_ftmGP1,289_ftmGP2,0.0,Parents
290_ftm,290_ftmfather,M,290_ftmGP1,290_ftmGP2,0.0,Parents
291_ftm,291_ftmi1,M,,,1.0,Parents
291_ftm,291_ftmfather,M,291_ftmGP1,291_ftmGP2,0.0,Parents
294_ftm,294_ftmfather,M,294_ftmGP1,294_ftmGP2,0.0,Parents
295_ftm,295_ftmfather,M,,,0.0,Parents
296_ftm,296_ftmfather,M,296_ftmGP1,296_ftmGP2,0.0,Parents
297_ftm,297_ftmfather,M,,,1.0,Parents
298_ftm,298_ftmfather,M,,,1.0,Parents
299_ftm,299_ftmfather,M,299_ftmGP1,299_ftmGP2,0.0,Parents
300_ftm,300_ftmfather,M,,,0.0,Parents
301_ftm,301_ftmfather,M,301_ftmGP1,301_ftmGP2,0.0,Parents
302_ftm,302_ftmfather,M,302_ftmGP1,302_ftmGP2,0.0,Parents
001_lbj,001_lbjfather,M,001_lbjGP1,001_lbjGP2,0.0,Parents
002_lbj,002_lbjfather,M,002_lbjGP1,002_lbjGP2,0.0,Parents
003_lbj,003_lbjfather,M,,,0.0,Parents
004_lbj,004_lbjfather,M,004_lbjGP1,004_lbjGP2,0.0,Parents
013_lbj,013_lbjfather,M,,,0.0,Parents
014_lbj,014_lbjfather,M,014_lbjGP1,014_lbjGP2,0.0,Parents
015_lbj,015_lbjfather,M,015_lbjGP1,015_lbjGP2,1.0,Parents
016_lbj,016_lbjfather,M,016_lbjGP1,016_lbjGP2,0.0,Parents
017_lbj,017_lbjfather,M,017_lbjGP1,017_lbjGP2,0.0,Parents
018_lbj,018_lbjfather,M,,,0.0,Parents
019_lbj,019_lbjfather,M,019_lbjGP1,019_lbjGP2,0.0,Parents
020_lbj,020_lbjfather,M,020_lbjGP1,020_lbjGP2,0.0,Parents
021_lbj,021_lbjfather,M,,,0.0,Parents
022_wrut,022_wrutfather,M,022_wrutGP1,022_wrutGP2,0.0,Parents
023_wrut,023_wrutfather,M,023_wrutGP1,023_wrutGP2,0.0,Parents
024_wrut,024_wrutfather,M,024_wrutGP1,024_wrutGP2,0.0,Parents
025_wrut,025_wrutfather,M,025_wrutGP1,025_wrutGP2,0.0,Parents
026_wrut,026_wrutfather,M,,,0.0,Parents
027_wrut,027_wrutfather,M,027_wrutGP1,027_wrutGP2,0.0,Parents
028_wrut,028_wrutfather,M,028_wrutGP1,028_wrutGP2,0.0,Parents
029_wrut,029_wrutfather,M,,,1.0,Parents
030_wrut,030_wrutfather,M,,,0.0,Parents
031_wrut,031_wrutfather,M,031_wrutGP1,031_wrutGP2,0.0,Parents
032_wrut,032_wrutfather,M,,,0.0,Parents
034_wrut,034_wrutfather,M,034_wrutGP1,034_wrutGP2,0.0,Parents
036_wrut,036_wrutfather,M,,,0.0,Parents
037_wrut,037_wrutfather,M,037_wrutGP1,037_wrutGP2,0.0,Parents
039_wrut,039_wrutfather,M,,,0.0,Parents
041_wrut,041_wrutfather,M,041_wrutGP1,041_wrutGP2,0.0,Parents
043_wrut,043_wrutfather,M,043_wrutGP1,043_wrutGP2,0.0,Parents
044_wrut,044_wrutfather,M,044_wrutGP1,044_wrutGP2,0.0,Parents
045_wrut,045_wrutfather,M,045_wrutGP1,045_wrutGP2,0.0,Parents
046_wrut,046_wrutfather,M,046_wrutGP1,046_wrutGP2,0.0,Parents
047_wrut,047_wrutfather,M,047_wrutGP1,047_wrutGP2,0.0,Parents
048_wrut,048_wrutfather,M,048_wrutGP1,048_wrutGP2,0.0,Parents
050_wrut,050_wrutfather,M,,,0.0,Parents
051_wrut,051_wrutfather,M,051_wrutGP1,051_wrutGP2,0.0,Parents
052_wrut,052_wrutfather,M,,,0.0,Parents
053_wrut,053_wrutfather,M,,,0.0,Parents
054_wrut,054_wrutfather,M,054_wrutGP1,054_wrutGP2,0.0,Parents
055_wrut,055_wrutfather,M,055_wrutGP1,055_wrutGP2,0.0,Parents
056_wrut,056_wrutfather,M,,,0.0,Parents
058_wrut,058_wrutfather,M,058_wrutGP1,058_wrutGP2,0.0,Parents
060_wrut,060_wrutfather,M,060_wrutGP1,060_wrutGP2,0.0,Parents
062_wrut,062_wrutfather,M,,,0.0,Parents
063_wrut,063_wrutfather,M,,,1.0,Parents
064_wrut,064_wrutfather,M,,,0.0,Parents
065_wrut,065_wrutfather,M,,,0.0,Parents
066_wrut,066_wrutfather,M,,,0.0,Parents
067_wrut,067_wrutfather,M,,,0.0,Parents
068_wrut,068_wrutfather,M,,,1.0,Parents
069_wrut,069_wrutfather,M,069_wrutGP1,069_wrutGP2,0.0,Parents
070_wrut,070_wrutfather,M,070_wrutGP1,070_wrutGP2,0.0,Parents
071_wrut,071_wrutfather,M,071_wrutGP1,071_wrutGP2,0.0,Parents
072_wrut,072_wrutfather,M,072_wrutGP1,072_wrutGP2,0.0,Parents
074_wrut,074_wrutfather,M,074_wrutGP1,074_wrutGP2,0.0,Parents
075_wrut,075_wrutfather,M,,,0.0,Parents
076_wrut,076_wrutfather,M,076_wrutGP1,076_wrutGP2,0.0,Parents
077_wrut,077_wrutfather,M,,,0.0,Parents
078_wrut,078_wrutfather,M,078_wrutGP1,078_wrutGP2,0.0,Parents
079_wrut,079_wrutfather,M,,,0.0,Parents
080_wrut,080_wrutfather,M,080_wrutGP1,080_wrutGP2,0.0,Parents
081_wrut,081_wrutfather,M,,,0.0,Parents
082_wrut,082_wrutfather,M,082_wrutGP1,082_wrutGP2,0.0,Parents
085_wrut,085_wrutfather,M,085_wrutGP1,085_wrutGP2,0.0,Parents
086_wrut,086_wrutfather,M,086_wrutGP1,086_wrutGP2,0.0,Parents
087_wrut,087_wrutfather,M,087_wrutGP1,087_wrutGP2,1.0,Parents
088_wrut,088_wrutfather,M,,,0.0,Parents
089_wrut,089_wrutfather,M,,,0.0,Parents
090_wrut,090_wrutfather,M,090_wrutGP1,090_wrutGP2,1.0,Parents
091_wrut,091_wrutfather,M,,,0.0,Parents
092_wrut,092_wrutfather,M,,,0.0,Parents
093_wrut,093_wrutfather,M,,,0.0,Parents
094_wrut,094_wrutfather,M,094_wrutGP1,094_wrutGP2,0.0,Parents
095_wrut,095_wrutfather,M,,,0.0,Parents
096_wrut,096_wrutfather,M,,,0.0,Parents
097_wrut,097_wrutfather,M,,,0.0,Parents
098_wrut,098_wrutfather,M,098_wrutGP1,098_wrutGP2,0.0,Parents
098b_wrut,098b_wrutfather,M,,,0.0,Parents
099_wrut,099_wrutfather,M,,,0.0,Parents
100_wrut,100_wrutfather,M,100_wrutGP1,100_wrutGP2,0.0,Parents
101_wrut,101_wrutfather,M,,,0.0,Parents
102_wrut,102_wrutfather,M,102_wrutGP1,102_wrutGP2,0.0,Parents
103_wrut,103_wrutfather,M,,,0.0,Parents
104_wrut,104_wrutfather,M,,,0.0,Parents
105_wrut,105_wrutfather,M,105_wrutGP1,105_wrutGP2,0.0,Parents
106_wrut,106_wrutfather,M,,,0.0,Parents
108_wrut,108_wrutfather,M,,,0.0,Parents
109_wrut,109_wrutfather,M,,,0.0,Parents
112_wrut,112_wrutfather,M,,,0.0,Parents
114_wrut,114_wrutfather,M,,,0.0,Parents
110_wrut,110_wrutfather,M,,,0.0,Parents
115_nrut,115_nrutfather,M,,,0.0,Parents
116_nrut,116_nrutfather,M,,,0.0,Parents
117_nrut,117_nrutfather,M,,,0.0,Parents
118_nrut,118_nrutfather,M,,,0.0,Parents
120_nrut,120_nrutfather,M,120_nrutGP1,120_nrutGP2,0.0,Parents
122_nrut,122_nrutfather,M,,,0.0,Parents
123_nrut,123_nrutfather,M,,,0.0,Parents
124_nrut,124_nrutfather,M,,,0.0,Parents
126_nrut,126_nrutfather,M,,,0.0,Parents
129_nrut,129_nrutfather,M,,,0.0,Parents
131b_nrut,131b_nrutfather,M,,,0.0,Parents
132_nrut,132_nrutfather,M,,,1.0,Parents
133_nrut,133_nrutfather,M,,,0.0,Parents
134_nrut,134_nrutfather,M,,,0.0,Parents
135_nrut,135_nrutfather,M,,,0.0,Parents
136_nrut,136_nrutfather,M,,,0.0,Parents
137_nrut,137_nrutfather,M,137_nrutGP1,137_nrutGP2,0.0,Parents
139_nrut,139_nrutfather,M,,,0.0,Parents
140_nrut,140_nrutfather,M,,,0.0,Parents
141_nrut,141_nrutfather,M,141_nrutGP1,141_nrutGP2,0.0,Parents
143_nrut,143_nrutfather,M,,,0.0,Parents
144_nrut,144_nrutfather,M,144_nrutGP1,144_nrutGP2,0.0,Parents
145_srut,145_srutfather,M,,,0.0,Parents
146_srut,146_srutfather,M,,,0.0,Parents
147_srut,147_srutfather,M,,,0.0,Parents
148_srut,148_srutfather,M,148_srutGP1,148_srutGP2,0.0,Parents
149_srut,149_srutfather,M,149_srutGP1,149_srutGP2,1.0,Parents
150_srut,150_srutfather,M,,,0.0,Parents
151_srut,151_srutfather,M,,,0.0,Parents
152_srut,152_srutfather,M,,,0.0,Parents
153_srut,153_srutfather,M,,,0.0,Parents
154_srut,154_srutfather,M,,,0.0,Parents
155_srut,155_srutfather,M,155_srutGP1,155_srutGP2,0.0,Parents
156_srut,156_srutfather,M,,,0.0,Parents
157_srut,157_srutfather,M,,,0.0,Parents
158_srut,158_srutfather,M,,,0.0,Parents
159_srut,159_srutfather,M,,,0.0,Parents
161_srut,161_srutfather,M,,,0.0,Parents
162_srut,162_srutfather,M,,,0.0,Parents
164_srut,164_srutfather,M,,,0.0,Parents
165_srut,165_srutfather,M,165_srutGP1,165_srutGP2,0.0,Parents
167_srut,167_srutfather,M,,,0.0,Parents
168_srut,168_srutfather,M,,,0.0,Parents
169_srut,169_srutfather,M,,,0.0,Parents
170_srut,170_srutfather,M,,,0.0,Parents
171_srut,171_srutfather,M,171_srutGP1,171_srutGP2,0.0,Parents
174_srut,174_srutfather,M,,,0.0,Parents
175_srut,175_srutfather,M,175_srutGP1,175_srutGP2,0.0,Parents
176_srut,176_srutfather,M,,,0.0,Parents
177_srut,177_srutfather,M,,,0.0,Parents
178_srut,178_srutfather,M,,,0.0,Parents
179_srut,179_srutfather,M,179_srutGP1,179_srutGP2,0.0,Parents
180_nrut,180_nrutfather,M,,,0.0,Parents
181_nrut,181_nrutfather,M,,,0.0,Parents
182_nrut,182_nrutfather,M,,,0.0,Parents
183_nrut,183_nrutfather,M,183_nrutGP1,183_nrutGP2,0.0,Parents
184_nrut,184_nrutfather,M,,,0.0,Parents
185_nrut,185_nrutfather,M,,,1.0,Parents
186_nrut,186_nrutfather,M,,,0.0,Parents
187_nrut,187_nrutfather,M,187_nrutGP1,187_nrutGP2,0.0,Parents
189_nrut,189_nrutfather,M,189_nrutGP1,189_nrutGP2,0.0,Parents
190_nrut,190_nrutfather,M,,,0.0,Parents
191_nrut,191_nrutfather,M,191_nrutGP1,191_nrutGP2,1.0,Parents
192_nrut,192_nrutfather,M,192_nrutGP1,192_nrutGP2,0.0,Parents
193_nrut,193_nrutfather,M,,,0.0,Parents
194_nrut,194_nrutfather,M,,,0.0,Parents
196_nrut,196_nrutfather,M,,,0.0,Parents
197_nrut,197_nrutfather,M,,,0.0,Parents
198a_nrut,198a_nrutfather,M,198a_nrutGP1,198a_nrutGP2,0.0,Parents
199_nrut,199_nrutfather,M,199_nrutGP1,199_nrutGP2,0.0,Parents
200_nrut,200_nrutfather,M,,,0.0,Parents
201_nrut,201_nrutfather,M,,,0.0,Parents
203_nrut,203_nrutfather,M,203_nrutGP1,203_nrutGP2,0.0,Parents
204_nrut,204_nrutfather,M,,,0.0,Parents
205_nrut,205_nrutfather,M,,,0.0,Parents
207_nrut,207_nrutfather,M,,,0.0,Parents
208_todo,208_todofather,M,208_todoGP1,208_todoGP2,0.0,Parents
209_todo,209_todofather,M,209_todoGP1,209_todoGP2,0.0,Parents
211_todo,211_todofather,M,211_todoGP1,211_todoGP2,0.0,Parents
214_todo,214_todofather,M,214_todoGP1,214_todoGP2,0.0,Parents
215_todo,215_todofather,M,,,0.0,Parents
217_todo,217_todofather,M,,,0.0,Parents
218_todo,218_todofather,M,,,0.0,Parents
219_todo,219_todofather,M,219_todoGP1,219_todoGP2,0.0,Parents
221_todo,221_todofather,M,,,0.0,Parents
222_todo,222_todofather,M,,,0.0,Parents
223_todo,223_todofather,M,,,0.0,Parents
225_todo,225_todofather,M,225_todoGP1,225_todoGP2,0.0,Parents
226_todo,226_todofather,M,,,0.0,Parents
227_todo,227_todofather,M,,,0.0,Parents
228_todo,228_todofather,M,228_todoGP1,228_todoGP2,0.0,Parents
229_todo,229_todofather,M,,,0.0,Parents
230_todo,230_todofather,M,,,0.0,Parents
231_todo,231_todofather,M,,,1.0,Parents
232_todo,232_todofather,M,,,0.0,Parents
234_todo,234_todofather,M,,,0.0,Parents
235_todo,235_todofather,M,,,0.0,Parents
236_todo,236_todofather,M,236_todoGP1,236_todoGP2,0.0,Parents
237_todo,237_todofather,M,,,0.0,Parents
238_todo,238_todofather,M,238_todoGP1,238_todoGP2,0.0,Parents
239_todo,239_todofather,M,,,0.0,Parents
240_todo,240_todofather,M,240_todoGP1,240_todoGP2,0.0,Parents
241_todo,241_todofather,M,,,0.0,Parents
242_todo,242_todofather,M,,,0.0,Parents
243_todo,243_todofather,M,,,0.0,Parents
244_todo,244_todofather,M,,,0.0,Parents
245_todo,245_todofather,M,,,0.0,Parents
247_todo,247_todofather,M,,,0.0,Parents
248_todo,248_todofather,M,,,0.0,Parents
249_todo,249_todofather,M,,,0.0,Parents
250_todo,250_todofather,M,,,1.0,Parents
251_todo,251_todofather,M,,,0.0,Parents
251b_todo,251b_todos1,M,251b_todofather,251b_todomother,0.0,Parents
251b_todo,251b_todofather,M,251b_todoGP1,251b_todoGP2,0.0,Parents
252_todo,252_todofather,M,,,0.0,Parents
253_todo,253_todofather,M,253_todoGP1,253_todoGP2,0.0,Parents
254b_rutl,254b_rutlfather,M,,,0.0,Parents
255_rutl,255_rutlfather,M,,,0.0,Parents
256_rutl,256_rutlfather,M,,,0.0,Parents
257_rutl,257_rutlfather,M,,,0.0,Parents
258_rutl,258_rutlfather,M,258_rutlGP1,258_rutlGP2,0.0,Parents
259_rutl,259_rutlfather,M,,,0.0,Parents
260_rutl,260_rutlfather,M,260_rutlGP1,260_rutlGP2,0.0,Parents
261_rutl,261_rutlfather,M,261_rutlGP1,261_rutlGP2,0.0,Parents
262_rutl,262_rutlfather,M,,,0.0,Parents
263_rutl,263_rutlfather,M,,,0.0,Parents
264_rutl,264_rutlfather,M,,,0.0,Parents
265_rutl,265_rutlfather,M,,,0.0,Parents
266_rutl,266_rutlfather,M,,,0.0,Parents
267_rutl,267_rutlfather,M,267_rutlGP1,267_rutlGP2,0.0,Parents
268_rutl,268_rutlfather,M,,,0.0,Parents
269_rutl,269_rutlfather,M,,,0.0,Parents
270_rutl,270_rutlfather,M,270_rutlGP1,270_rutlGP2,0.0,Parents
271_rutl,271_rutlfather,M,271_rutlGP1,271_rutlGP2,0.0,Parents
272_rutl,272_rutlfather,M,,,0.0,Parents
273_rutl,273_rutlfather,M,,,0.0,Parents
274_rutl,274_rutlfather,M,,,0.0,Parents
275_rutl,275_rutlfather,M,,,0.0,Parents
276_rutl,276_rutlfather,M,,,0.0,Parents
279_lbj,279_lbjfather,M,,,0.0,Parents
280_lbj,280_lbjfather,M,,,0.0,Parents
281_lbj,281_lbjfather,M,,,0.0,Parents
282_lbj,282_lbjfather,M,,,0.0,Parents
283_lbj,283_lbjfather,M,,,0.0,Parents
284_lbj,284_lbjfather,M,,,0.0,Parents
285_lbj,285_lbjfather,M,,,0.0,Parents
286_lbj,286_lbjfather,M,,,0.0,Parents
287_lbj,287_lbjfather,M,,,0.0,Parents
288_lbj,288_lbjfather,M,,,0.0,Parents
289_lbj,289_lbjfather,M,,,0.0,Parents
291_lbj,291_lbjfather,M,,,0.0,Parents
292_lbj,292_lbjfather,M,,,0.0,Parents
293_lbj,293_lbjfather,M,,,0.0,Parents
294_lbj,294_lbjfather,M,,,0.0,Parents
295_lbj,295_lbjfather,M,,,0.0,Parents
296_lbj,296_lbjfather,M,296_lbjGP1,296_lbjGP2,1.0,Parents
297_lbj,297_lbjfather,M,,,1.0,Parents
298_lbj,298_lbjfather,M,,,0.0,Parents
299_lbj,299_lbjfather,M,,,0.0,Parents
19_bajawa,19_bajawafather,M,,,,Parents
106_wangka,106_wangkafather107,M,106_wangkaGP5,106_wangkaGP6,,Parents
018_sik,018_sikfather,M,,,,Parents
028_end,028_endfather,M,,,,Parents
1_bajawa,1_bajawamother,F,,,0.0,Parents
1_bajawa,1_bajawaego,F,1_bajawafather,1_bajawamother,0.0,Parents
3_bajawa,3_bajawamother,F,,,0.0,Parents
7_langa,7_langamother,F,,,0.0,Parents
8_langa,8_langamother,F,,,0.0,Parents
10_langa,10_langamother,F,,,0.0,Parents
11_langa,11_langamother,F,,,0.0,Parents
12_langa,12_langamother,F,,,0.0,Parents
13_langa,13_langamother,F,,,0.0,Parents
14_langa,14_langamother,F,,,0.0,Parents
15_langa,15_langamother,F,,,0.0,Parents
17_bajawa,17_bajawamother,F,,,0.0,Parents
19_bajawa,19_bajawamother,F,,,0.0,Parents
22_bajawa,22_bajawamother,F,,,0.0,Parents
23_bajawa,23_bajawamother,F,,,0.0,Parents
24_cuncalawar,24_cuncalawarmother,F,24_cuncalawarGP3,24_cuncalawarGP4,1.0,Parents
25_cuncalawar,25_cuncalawarmother,F,25_cuncalawarGP3,25_cuncalawarGP4,0.0,Parents
27_cuncalawar,27_cuncalawarmother,F,27_cuncalawarGP3,27_cuncalawarGP4,0.0,Parents
28_ruteng,28_rutengmother,F,,,0.0,Parents
28_ruteng,28_rutengego,F,28_rutengfather,28_rutengmother,0.0,Parents
28_ruteng,28_rutengc1,F,28_rutenghusband,28_rutengego,0.0,Parents
31_ruteng,31_rutengmother,F,31_rutengGP3,31_rutengGP4,0.0,Parents
33_ruteng,33_rutengmother,F,33_rutengGP3,33_rutengGP4,0.0,Parents
34_ruteng,34_rutengmother,F,34_rutengGP3,34_rutengGP4,0.0,Parents
35_ruteng,35_rutengmother,F,,,0.0,Parents
36_ruteng,36_rutengmother,F,36_rutengGP3,36_rutengGP4,0.0,Parents
37_ruteng,37_rutengmother,F,37_rutengGP3,37_rutengGP4,0.0,Parents
38_ruteng,38_rutengmother,F,,,0.0,Parents
39_ruteng,39_rutengmother,F,39_rutengGP3,39_rutengGP4,0.0,Parents
40_ruteng,40_rutengmother,F,,,0.0,Parents
41-ruteng,41-rutengmother,F,,,0.0,Parents
42_cuncalawar,42_cuncalawarmother,F,42_cuncalawarGP3,42_cuncalawarGP4,0.0,Parents
44_cuncalawar,44_cuncalawarmother,F,,,0.0,Parents
45_cuncalawar,45_cuncalawarmother,F,,,0.0,Parents
46_cuncalawar,46_cuncalawarmother,F,,,0.0,Parents
46_cuncalawar,46_cuncalawarmother43,F,,,0.0,Parents
47_cuncalawar,47_cuncalawarmother,F,,,0.0,Parents
48_cuncalawar,48_cuncalawarmother,F,48_cuncalawarGP3,48_cuncalawarGP4,0.0,Parents
49_cuncalawar,49_cuncalawarmother,F,49_cuncalawarGP3,49_cuncalawarGP4,0.0,Parents
50_ruteng,50_rutengmother,F,,,0.0,Parents
51_ruteng,51_rutengmother,F,,,0.0,Parents
52_ruteng,52_rutengmother,F,,,0.0,Parents
53_ruteng,53_rutengmother,F,53_rutengGP3,53_rutengGP4,0.0,Parents
55_ruteng,55_rutengmother,F,55_rutengGP3,55_rutengGP4,0.0,Parents
56_Bouwa,56_Bouwamother,F,56_BouwaGP1,56_BouwaGP2,0.0,Parents
57_Bouwa,57_Bouwamother,F,57_BouwaGP3,57_BouwaGP4,0.0,Parents
58_Bouwa,58_Bouwamother,F,58_BouwaGP4,58_BouwaGP3,0.0,Parents
59_Bouwa,59_Bouwamother,F,59_BouwaGP4,59_BouwaGP3,0.0,Parents
59_Bouwa,59_BouwaO10,F,59_BouwaGP6,59_BouwaGP5,0.0,Parents
60_Bouwa,60_Bouwamother,F,,,0.0,Parents
62_Bouwa,62_Bouwamother,F,,,0.0,Parents
64_Bouwa,64_Bouwamother,F,64_BouwaGP3,64_BouwaGP4,0.0,Parents
65_Bouwa,65_Bouwamother,F,65_BouwaGP1,65_BouwaGP2,0.0,Parents
66_Bouwa,66_Bouwamother,F,66_BouwaGP3,66_BouwaGP4,0.0,Parents
69_Bouwa,69_Bouwamother,F,,,0.0,Parents
69_Bouwa,69_Bouwashusband7,F,69_Bouwafather1,69_Bouwamother1,0.0,Parents
69_Bouwa,69_Bouwamother3,F,69_BouwaGP5,69_BouwaGP6,1.0,Parents
72_Bouwa,72_Bouwamother,F,72_BouwaGP2,72_BouwaGP1,0.0,Parents
73_Bouwa,73_Bouwamother,F,73_BouwaGP2,73_BouwaGP1,0.0,Parents
76_Langa,76_Langamother,F,76_LangaGP2,76_LangaGP1,0.0,Parents
77_Langa,77_Langamother,F,77_LangaGP2,77_LangaGP1,0.0,Parents
78_Langa,78_Langamother,F,,,0.0,Parents
79_Langa,79_Langamother,F,79_LangaGP2,79_LangaGP1,0.0,Parents
80_Langa,80_Langamother,F,80_LangaGP2,80_LangaGP1,0.0,Parents
81_Langa,81_Langamother,F,81_LangaGP2,81_LangaGP1,0.0,Parents
82-bena,82-benamother,F,82-benaGP2,82-benaGP1,0.0,Parents
82-bena,82-benawifeo2,F,82-benaGP6,82-benaGP5,0.0,Parents
84_bena,84_benamother,F,84_benaGP3,84_benaGP4,0.0,Parents
85_bena,85_benamother,F,85_benaGP3,85_benaGP4,0.0,Parents
86_bena,86_benamother,F,,,0.0,Parents
87_dariwali,87_dariwalimother,F,87_dariwaliGP3,87_dariwaliGP4,0.0,Parents
88_dariwali,88_dariwalimother,F,88_dariwaliGP3,88_dariwaliGP4,0.0,Parents
89_dariwali,89_dariwalimother,F,89_dariwaliGP3,89_dariwaliGP4,0.0,Parents
89_dariwali,89_dariwalimother90,F,89_dariwaliGP2,89_dariwaliGP1,0.0,Parents
89_dariwali,89_dariwalis1mother90,F,89_dariwaliGP2,89_dariwaliGP1,0.0,Parents
92_dariwali,92_dariwalimother,F,92_dariwaliGP3,92_dariwaliGP4,0.0,Parents
93_dariwali,93_dariwalimother,F,93_dariwaliGP3,93_dariwaliGP4,0.0,Parents
94_dariwali,94_dariwalimother,F,94_dariwaliGP2,94_dariwaliGP1,0.0,Parents
95_dariwali,95_dariwalimother,F,95_dariwaliGP3,95_dariwaliGP4,0.0,Parents
96_dariwali,96_dariwalimother,F,,,0.0,Parents
97_seso,97_sesomother,F,97_sesoGP3,97_sesoGP4,0.0,Parents
98_seso,98_sesomother,F,98_sesoGP3,98_sesoGP4,0.0,Parents
99_mulu,99_mulumother,F,99_muluGP3,99_muluGP4,0.0,Parents
100_mulu,100_mulumother,F,100_muluGP3,100_muluGP4,0.0,Parents
100_mulu,100_mulu103muluo5w,F,100_muluGP7,100_muluGP8,0.0,Parents
102_mulu,102_mulumother,F,102_muluGP3,102_muluGP4,0.0,Parents
104_mulu,104_mulumother,F,,,0.0,Parents
105_mulu,105_mulumother,F,,,0.0,Parents
106_wangka,106_wangkamother,F,106_wangkaGP3,106_wangkaGP4,0.0,Parents
108_wangka,108_wangkamother,F,108_wangkaGP3,108_wangkaGP4,0.0,Parents
109_wangka,109_wangkamother,F,109_wangkaGP3,109_wangkaGP4,0.0,Parents
110_wangka,110_wangkamother,F,110_wangkaGP3,110_wangkaGP4,0.0,Parents
111_wangka,111_wangkamother,F,111_wangkaGP3,111_wangkaGP4,0.0,Parents
112_wangka,112_wangkamother,F,112_wangkaGP3,112_wangkaGP4,0.0,Parents
115_wangka,115_wangkamother,F,,,0.0,Parents
116_bowae,116_bowaemother,F,116_bowaeGP3,116_bowaeGP4,0.0,Parents
117_bowae,117_bowaemother,F,117_bowaeGP3,117_bowaeGP4,0.0,Parents
118_bowae,118_bowaemother,F,118_bowaeGP3,118_bowaeGP4,0.0,Parents
119_aigela,119_aigelamother,F,119_aigelaGP3,119_aigelaGP4,0.0,Parents
120_aigela,120_aigelamother,F,120_aigelaGP3,120_aigelaGP4,0.0,Parents
121_aigela,121_aigelamother,F,121_aigelaGP3,121_aigelaGP4,0.0,Parents
122_olaiya,122_olaiyamother,F,122_olaiyaGP3,122_olaiyaGP4,1.0,Parents
123_olaiya,123_olaiyamother,F,,,0.0,Parents
124_dam,124_dammother,F,124_damGP3,124_damGP4,0.0,Parents
124_dam,124_dams1,F,124_damfather,124_dammother,0.0,Parents
126_dam,126_dammother,F,,,0.0,Parents
126_dam,126_damego,F,126_damfather,126_dammother,0.0,Parents
127_danga,127_dangamother,F,127_dangaGP3,127_dangaGP4,0.0,Parents
127_dam,127_dammother,F,127_damGP3,127_damGP4,0.0,Parents
128_danga,128_dangamother,F,128_dangaGP3,128_dangaGP4,0.0,Parents
129_danga,129_dangamother,F,129_dangaGP3,129_dangaGP4,1.0,Parents
129b_aeramo,129b_aeramomother,F,,,0.0,Parents
130_aeramo,130_aeramomother,F,,,0.0,Parents
131_aeramo,131_aeramomother,F,131_aeramoGP3,131_aeramoGP4,0.0,Parents
132_aeramo,132_aeramomother,F,132_aeramoGP3,132_aeramoGP4,0.0,Parents
133_dhawe,133_dhawemother,F,133_dhaweGP3,133_dhaweGP4,0.0,Parents
135_dhawe,135_dhawemother,F,135_dhaweGP3,135_dhaweGP4,0.0,Parents
136_dhawe,136_dhawemother,F,136_dhaweGP3,136_dhaweGP4,0.0,Parents
137_dhawe,137_dhawemother,F,137_dhaweGP3,137_dhaweGP4,0.0,Parents
139_dhawe,139_dhawemother,F,139_dhaweGP3,139_dhaweGP4,0.0,Parents
140_dhawe,140_dhawemother,F,,,0.0,Parents
141_dhawe,141_dhawemother,F,141_dhaweGP3,141_dhaweGP4,0.0,Parents
142_dhawe,142_dhawemother,F,142_dhaweGP3,142_dhaweGP4,0.0,Parents
143_dhawe,143_dhawemother,F,,,0.0,Parents
144_dhawe,144_dhawemother,F,,,0.0,Parents
145_lengkosambi,145_lengkosambimother,F,,,0.0,Parents
146_lengkosambi,146_lengkosambimother,F,146_lengkosambiGP3,146_lengkosambiGP4,0.0,Parents
147_lengkosambi,147_lengkosambimother,F,147_lengkosambiGP3,147_lengkosambiGP4,0.0,Parents
148_lengkosambi,148_lengkosambimother,F,148_lengkosambiGP3,148_lengkosambiGP4,0.0,Parents
149_lengkosambi,149_lengkosambimother,F,149_lengkosambiGP3,149_lengkosambiGP4,0.0,Parents
151_lengkosambi,151_lengkosambimother,F,151_lengkosambiGP3,151_lengkosambiGP4,0.0,Parents
152_lengkosambi,152_lengkosambimother,F,,,0.0,Parents
153_lengkosambi,153_lengkosambimother1,F,,,0.0,Parents
155_lengkosambi,155_lengkosambimother,F,,,0.0,Parents
156_kadhaebo,156_kadhaebomother,F,156_kadhaeboGP3,156_kadhaeboGP4,0.0,Parents
157_kadhaebo,157_kadhaebomother,F,,,0.0,Parents
158_kadhaebo,158_kadhaebomother,F,,,0.0,Parents
159_nataite,159_nataitemother,F,159_nataiteGP3,159_nataiteGP4,0.0,Parents
160_nataite,160_nataitemother,F,,,0.0,Parents
163_warukasu,163_warukasumother,F,,,0.0,Parents
164_Mbua,164_Mbuamother,F,,,0.0,Parents
165_wajakea,165_wajakeamother,F,,,0.0,Parents
166_wajakea,166_wajakeamother,F,,,0.0,Parents
169_wajakea,169_wajakeamother,F,169_wajakeaGP3,169_wajakeaGP4,0.0,Parents
170_numbarara,170_numbararamother,F,,,0.0,Parents
172_woedoa,172_woedoamother,F,172_woedoaGP3,172_woedoaGP4,0.0,Parents
173_woedoa,173_woedoamother,F,173_woedoaGP3,173_woedoaGP4,0.0,Parents
174_ulupulu,174_ulupulumother,F,174_ulupuluGP3,174_ulupuluGP4,0.0,Parents
175_ulupulu,175_ulupulumother,F,175_ulupuluGP3,175_ulupuluGP4,0.0,Parents
176_ulupulu,176_ulupulumother,F,,,0.0,Parents
177_raja,177_rajamother,F,177_rajaGP3,177_rajaGP4,0.0,Parents
178_raja,178_rajamother,F,,,0.0,Parents
179_raja,179_rajamother,F,,,0.0,Parents
180_raja,180_rajamother,F,,,1.0,Parents
180_wolowea,180_woloweamother,F,,,0.0,Parents
182_nageoga,182_nageogamother,F,182_nageogaGP3,182_nageogaGP4,0.0,Parents
183_nageoga,183_nageogamother,F,183_nageogaGP3,183_nageogaGP4,0.0,Parents
184_nageoga,184_nageogamother,F,,,0.0,Parents
185_nageoga,185_nageogamother,F,,,0.0,Parents
186_nageoga,186_nageogamother,F,186_nageogaGP3,186_nageogaGP4,0.0,Parents
187_jawalaghi,187_jawalaghimother,F,187_jawalaghiGP3,187_jawalaghiGP4,0.0,Parents
188_jawalaghi,188_jawalaghimother,F,,,0.0,Parents
189_jawalaghi,189_jawalaghimother,F,189_jawalaghiGP3,189_jawalaghiGP4,0.0,Parents
190_jawalaghi,190_jawalaghimother,F,190_jawalaghiGP3,190_jawalaghiGP4,0.0,Parents
191_bajawa,191_bajawamother,F,,,0.0,Parents
192_bajawa,192_bajawamother,F,,,0.0,Parents
193_bajawa,193_bajawas1wife,F,193_bajawaGP2,193_bajawaGP1,0.0,Parents
194_bajawa,194_bajawamother,F,194_bajawaGP3,194_bajawaGP4,1.0,Parents
195_bajawa,195_bajawamother,F,195_bajawaGP3,195_bajawaGP4,0.0,Parents
196_bajawa,196_bajawamother,F,,,0.0,Parents
197_bajawa,197_bajawamother,F,,,1.0,Parents
006_sik,006_sikmother,F,006_sikGP3,006_sikGP4,1.0,Parents
007_sik,007_sikmother,F,007_sikGP3,007_sikGP4,1.0,Parents
008_sik,008_sikmother,F,008_sikGP3,008_sikGP4,0.0,Parents
009_sik,009_sikmother,F,009_sikGP3,009_sikGP4,1.0,Parents
010_sik,010_sikmother,F,010_sikGP3,010_sikGP4,0.0,Parents
011_sik,011_sikmother,F,011_sikGP3,011_sikGP4,0.0,Parents
012_sik,012_sikmother,F,012_sikGP3,012_sikGP4,0.0,Parents
014_sik,014_sikmother,F,,,0.0,Parents
015_sik,015_sikmother,F,015_sikGP3,015_sikGP4,0.0,Parents
019_sik,019_sikmother,F,,,0.0,Parents
020_sik,020_sikmother,F,020_sikGP3,020_sikGP4,0.0,Parents
021_sik,021_sikmother,F,,,0.0,Parents
023_sik,023_sikmother,F,023_sikGP3,023_sikGP4,0.0,Parents
024_sik,024_sikmother,F,024_sikGP3,024_sikGP4,0.0,Parents
025_sik,025_sikwife,F,,,0.0,Parents
025_sik,025_sikmother,F,025_sikGP3,025_sikGP4,0.0,Parents
026_end,026_endmother,F,026_endGP3,026_endGP4,0.0,Parents
027_end,027_endmother,F,027_endGP3,027_endGP4,0.0,Parents
029_end,029_endmother,F,029_endGP3,029_endGP4,1.0,Parents
030_end,030_endmother,F,030_endGP3,030_endGP4,0.0,Parents
031_end,031_endmother,F,,,0.0,Parents
032_end,032_endmother,F,032_endGP3,032_endGP4,0.0,Parents
033_end,033_endmother,F,,,1.0,Parents
034_end,034_endmother,F,034_endGP3,034_endGP4,0.0,Parents
035_end,035_endmother,F,,,0.0,Parents
037_end,037_endmother,F,037_endGP3,037_endGP4,0.0,Parents
038_end,038_endmother,F,038_endGP3,038_endGP4,0.0,Parents
039_end,039_endmother,F,,,0.0,Parents
040_end,040_endmother,F,,,0.0,Parents
041_end,041_endmother,F,041_endGP3,041_endGP4,0.0,Parents
042_end,042_endmother,F,,,0.0,Parents
043_sik,043_sikmother,F,043_sikGP3,043_sikGP4,0.0,Parents
044_sik,044_sikmother,F,044_sikGP3,044_sikGP4,0.0,Parents
046_sik,046_sikmother,F,046_sikGP3,046_sikGP4,0.0,Parents
047_end,047_endmother,F,047_endGP3,047_endGP4,1.0,Parents
049_end,049_endmother,F,049_endGP3,049_endGP4,0.0,Parents
050_end,050_endmother,F,050_endGP3,050_endGP4,0.0,Parents
052_end,052_endmother,F,052_endGP3,052_endGP4,0.0,Parents
053_end,053_endmother,F,,,0.0,Parents
054_sik,054_sikmother,F,054_sikGP3,054_sikGP4,0.0,Parents
055_end,055_endmother,F,055_endGP3,055_endGP4,0.0,Parents
056_end,056_endmother,F,056_endGP3,056_endGP4,0.0,Parents
057_end,057_endmother,F,057_endGP1,057_endGP2,0.0,Parents
057_end,057_endGP2,F,,,0.0,Parents
059_end,059_endmother,F,,,0.0,Parents
061_end,061_endmother,F,,,0.0,Parents
062_end,062_endmother,F,,,0.0,Parents
063_end,063_endmother,F,063_endGP3,063_endGP4,0.0,Parents
064_end,064_ends1,F,064_endfather,064_endmother,0.0,Parents
064_end,064_endmother,F,,,0.0,Parents
065_end,065_endmother,F,,,0.0,Parents
066_end,066_endwife,F,,,0.0,Parents
066_end,066_endmother,F,,,0.0,Parents
069_end,069_endmother,F,,,0.0,Parents
070_end,070_endmother,F,,,0.0,Parents
071_end,071_endmother,F,,,0.0,Parents
072_end,072_endmother,F,072_endGP3,072_endGP4,0.0,Parents
073_end,073_endmother,F,073_endGP3,073_endGP4,0.0,Parents
075_end,075_endi2,F,075_endGP3,075_endGP4,0.0,Parents
075_end,075_endmother,F,,,0.0,Parents
076_end,076_endmother,F,076_endGP3,076_endGP4,0.0,Parents
079_end,079_endmother,F,,,0.0,Parents
079_end,079_endi2,F,,,0.0,Parents
080_end,080_endmother,F,,,0.0,Parents
082_end,082_endmother,F,,,0.0,Parents
083_end,083_endmother,F,083_endGP3,083_endGP4,0.0,Parents
085_end,085_ends2,F,085_endfather,085_endmother,1.0,Parents
085_end,085_ends3wife,F,085_endO3,085_endO4,0.0,Parents
085_end,085_endmother,F,085_endGP1,085_endGP2,0.0,Parents
086_end,086_endmother,F,086_endGP3,086_endGP4,0.0,Parents
088_end,088_endmother,F,,,0.0,Parents
090_end,090_endmother,F,090_endGP3,090_endGP4,0.0,Parents
095_end,095_endmother,F,,,0.0,Parents
096_end,096_endmother,F,,,0.0,Parents
097_end,097_endmother,F,097_endGP3,097_endGP4,0.0,Parents
098_end,098_endmother,F,098_endGP3,098_endGP4,0.0,Parents
099_end,099_endmother,F,,,0.0,Parents
100_end,100_endmother,F,100_endGP3,100_endGP4,0.0,Parents
101_end,101_endmother,F,101_endGP3,101_endGP4,0.0,Parents
102_end,102_endmother,F,102_endGP3,102_endGP4,0.0,Parents
103_end,103_endmother,F,,,0.0,Parents
104_end,104_endmother,F,104_endGP3,104_endGP4,0.0,Parents
105_end,105_endmother,F,,,0.0,Parents
105_end,105_endi2,F,105_endGP3,105_endGP4,0.0,Parents
107_end,107_endmother,F,,,0.0,Parents
114_end,114_endmother,F,114_endGP3,114_endGP4,0.0,Parents
115_end,115_endmother,F,,,0.0,Parents
116_end,116_endmother,F,,,0.0,Parents
119_end,119_endmother,F,,,0.0,Parents
120_end,120_endmother,F,120_endGP3,120_endGP4,0.0,Parents
121_end,121_endmother,F,,,0.0,Parents
122_end,122_endmother,F,122_endGP3,122_endGP4,0.0,Parents
123_end,123_endmother,F,,,0.0,Parents
124_end,124_endmother,F,124_endGP3,124_endGP4,0.0,Parents
125_end,125_endmother,F,,,1.0,Parents
126_end,126_endmother,F,126_endGP3,126_endGP4,0.0,Parents
127_end,127_endmother,F,,,0.0,Parents
128_end,128_endmother,F,128_endGP3,128_endGP4,0.0,Parents
129_end,129_endmother,F,,,0.0,Parents
130_end,130_endmother,F,130_endGP3,130_endGP4,0.0,Parents
131_sik,131_sikmother,F,,,0.0,Parents
136_sik,136_sikmother,F,,,1.0,Parents
138_sik,138_sikmother,F,138_sikGP3,138_sikGP4,0.0,Parents
139_sik,139_sikmother,F,,,0.0,Parents
140_sik,140_sikmother,F,140_sikGP3,140_sikGP4,0.0,Parents
141_sik,141_sikmother,F,,,0.0,Parents
142_sik,142_sikmother,F,142_sikGP3,142_sikGP4,0.0,Parents
143_sik,143_sikmother,F,,,0.0,Parents
144_sik,144_sikmother,F,144_sikGP3,144_sikGP4,0.0,Parents
145_sik,145_sikmother,F,145_sikGP3,145_sikGP4,0.0,Parents
146_sik,146_sikmother,F,146_sikGP3,146_sikGP4,0.0,Parents
147_sik,147_sikmother,F,147_sikGP3,147_sikGP4,0.0,Parents
148_sik,148_sikmother,F,148_sikGP3,148_sikGP4,0.0,Parents
150_sik,150_sikmother,F,150_sikGP3,150_sikGP4,0.0,Parents
151_sik,151_sikego,F,151_sikfather,151_sikmother,0.0,Parents
151_sik,151_sikmother,F,,,0.0,Parents
152_sik,152_sikmother,F,152_sikGP3,152_sikGP4,0.0,Parents
153_sik,153_sikmother,F,,,0.0,Parents
154_sik,154_sikmother,F,154_sikGP3,154_sikGP4,0.0,Parents
155_sik,155_sikmother,F,155_sikGP3,155_sikGP4,0.0,Parents
156_sik,156_sikmother,F,,,0.0,Parents
157_sik,157_sikmother,F,157_sikGP3,157_sikGP4,0.0,Parents
158_sik,158_sikmother,F,158_sikGP3,158_sikGP4,0.0,Parents
159_sik,159_sikmother,F,,,0.0,Parents
160_sik,160_sikmother,F,,,0.0,Parents
165_sik,165_sikmother,F,165_sikGP1,165_sikGP2,0.0,Parents
166_sik,166_sikmother,F,166_sikGP3,166_sikGP4,1.0,Parents
167_sik,167_sikmother,F,,,0.0,Parents
167_sik,167_sikGP2,F,,,1.0,Parents
169_sik,169_sikmother,F,,,1.0,Parents
170_sik,170_sikmother,F,,,0.0,Parents
171_sik,171_sikmother,F,,,0.0,Parents
172_sik,172_sikmother,F,,,0.0,Parents
173_sik,173_sikmother,F,,,0.0,Parents
174_sik,174_sikmother,F,174_sikGP3,174_sikGP4,0.0,Parents
175_sik,175_sikmother,F,175_sikGP3,175_sikGP4,0.0,Parents
176_sik,176_sikmother,F,176_sikGP3,176_sikGP4,0.0,Parents
177_sik,177_sikmother,F,177_sikGP3,177_sikGP4,0.0,Parents
178_sik,178_sikmother,F,178_sikGP3,178_sikGP4,0.0,Parents
179_sik,179_sikmother,F,,,0.0,Parents
180_sik,180_sikmother,F,,,0.0,Parents
181_sik,181_sikmother,F,181_sikGP3,181_sikGP4,0.0,Parents
182_sik,182_sikmother,F,,,0.0,Parents
183_sik,183_sikmother,F,183_sikGP3,183_sikGP4,0.0,Parents
184_sik,184_sikmother,F,184_sikGP3,184_sikGP4,0.0,Parents
185_sik,185_sikmother,F,,,0.0,Parents
187_sik,187_sikmother,F,187_sikGP3,187_sikGP4,0.0,Parents
188_sik,188_sikmother,F,,,0.0,Parents
189_sik,189_sikmother,F,189_sikGP3,189_sikGP4,0.0,Parents
190_sik,190_sikmother,F,190_sikGP3,190_sikGP4,0.0,Parents
191_sik,191_sikmother,F,191_sikGP3,191_sikGP4,0.0,Parents
192_sik,192_sikmother,F,192_sikGP3,192_sikGP4,0.0,Parents
193_sik,193_sikmother,F,,,1.0,Parents
194_sik,194_sikmother,F,,,0.0,Parents
195_sik,195_sikmother,F,195_sikGP3,195_sikGP4,0.0,Parents
196_sik,196_sikmother,F,,,0.0,Parents
197_sik,197_sikmother,F,197_sikGP3,197_sikGP4,0.0,Parents
198_sik,198_sikmother,F,198_sikGP3,198_sikGP4,0.0,Parents
199_sik,199_sikmother,F,,,0.0,Parents
200_sik,200_sikmother,F,,,1.0,Parents
201_sik,201_sikmother,F,,,0.0,Parents
202_sik,202_sikmother,F,202_sikGP3,202_sikGP4,0.0,Parents
203_sik,203_sikmother,F,,,0.0,Parents
204_ftm,204_ftmmother,F,204_ftmGP3,204_ftmGP4,0.0,Parents
205_ftm,205_ftmmother,F,,,0.0,Parents
206_ftm,206_ftmmother,F,,,1.0,Parents
207_ftm,207_ftmmother,F,,,0.0,Parents
207_ftm,207_ftmi2,F,207_ftmGP3,207_ftmGP4,0.0,Parents
209_ftm,209_ftmmother,F,209_ftmGP3,209_ftmGP4,0.0,Parents
210_ftm,210_ftmmother,F,,,0.0,Parents
212_ftm,212_ftmmother,F,212_ftmGP3,212_ftmGP4,0.0,Parents
213_ftm,213_ftmmother,F,,,0.0,Parents
214_ftm,214_ftmmother,F,214_ftmGP3,214_ftmGP4,0.0,Parents
215_ftm,215_ftmmother,F,215_ftmGP3,215_ftmGP4,0.0,Parents
217_ftm,217_ftmmother,F,217_ftmGP3,217_ftmGP4,0.0,Parents
218_ftm,218_ftmmother,F,218_ftmGP3,218_ftmGP4,0.0,Parents
219_ftm,219_ftmmother,F,,,0.0,Parents
221_ftm,221_ftmi2,F,,,0.0,Parents
221_ftm,221_ftmmother,F,221_ftmGP3,221_ftmGP4,0.0,Parents
222_ftm,222_ftmmother,F,222_ftmGP3,222_ftmGP4,0.0,Parents
224_ftm,224_ftmmother,F,,,0.0,Parents
225_ftm,225_ftmmother,F,225_ftmGP3,225_ftmGP4,0.0,Parents
226_ftm,226_ftmmother,F,,,0.0,Parents
227_ftm,227_ftmmother,F,227_ftmGP3,227_ftmGP4,0.0,Parents
228_ftm,228_ftmmother,F,,,0.0,Parents
229_ftm,229_ftmmother,F,,,0.0,Parents
230_ftm,230_ftmmother,F,230_ftmGP3,230_ftmGP4,0.0,Parents
231_ftm,231_ftmmother,F,,,0.0,Parents
232_ftm,232_ftmmother,F,232_ftmGP3,232_ftmGP4,0.0,Parents
233_ftm,233_ftmmother,F,233_ftmGP3,233_ftmGP4,0.0,Parents
234_ftm,234_ftmmother,F,,,0.0,Parents
235_ftm,235_ftmmother,F,,,0.0,Parents
236_ftm,236_ftmmother,F,236_ftmGP3,236_ftmGP4,0.0,Parents
237_ftm,237_ftmmother,F,,,0.0,Parents
238_ftm,238_ftmmother,F,238_ftmGP3,238_ftmGP4,0.0,Parents
239_ftm,239_ftmmother,F,239_ftmGP3,239_ftmGP4,0.0,Parents
240_ftm,240_ftmmother,F,240_ftmGP3,240_ftmGP4,0.0,Parents
241_ftm,241_ftmmother,F,,,0.0,Parents
243_ftm,243_ftmmother,F,,,0.0,Parents
245_ftm,245_ftmmother,F,245_ftmGP3,245_ftmGP4,0.0,Parents
246_ftm,246_ftmmother,F,246_ftmGP3,246_ftmGP4,0.0,Parents
247_ftm,247_ftmmother,F,247_ftmGP3,247_ftmGP4,0.0,Parents
248_ftm,248_ftmmother,F,,,0.0,Parents
249_ftm,249_ftmmother,F,,,0.0,Parents
250_ftm,250_ftmmother,F,,,0.0,Parents
251_ftm,251_ftmmother,F,251_ftmGP3,251_ftmGP4,0.0,Parents
252_ftm,252_ftmmother,F,,,0.0,Parents
254_ftm,254_ftmmother,F,,,0.0,Parents
255_ftm,255_ftmmother,F,255_ftmGP3,255_ftmGP4,0.0,Parents
256_ftm,256_ftmmother,F,,,0.0,Parents
257_ftm,257_ftmmother,F,257_ftmGP3,257_ftmGP4,0.0,Parents
258_ftm,258_ftmmother,F,258_ftmGP3,258_ftmGP4,0.0,Parents
260_ftm,260_ftmmother,F,,,0.0,Parents
261_ftm,261_ftmmother,F,261_ftmGP3,261_ftmGP4,0.0,Parents
263_ftm,263_ftmmother,F,263_ftmGP3,263_ftmGP4,0.0,Parents
264_ftm,264_ftmmother,F,264_ftmGP3,264_ftmGP4,0.0,Parents
265_ftm,265_ftmmother,F,265_ftmGP3,265_ftmGP4,0.0,Parents
266_ftm,266_ftmi2,F,,,0.0,Parents
266_ftm,266_ftmmother,F,,,0.0,Parents
267_ftm,267_ftmmother,F,267_ftmGP3,267_ftmGP4,0.0,Parents
270_ftm,270_ftmmother,F,,,1.0,Parents
270_ftm,270_ftmi2,F,270_ftmGP3,270_ftmGP4,0.0,Parents
273_ftm,273_ftmmother,F,,,0.0,Parents
274_ftm,274_ftmmother,F,274_ftmGP3,274_ftmGP4,0.0,Parents
275_ftm,275_ftmmother,F,275_ftmGP3,275_ftmGP4,0.0,Parents
276_ftm,276_ftmmother,F,276_ftmGP3,276_ftmGP4,0.0,Parents
277_ftm,277_ftmmother,F,,,0.0,Parents
278_ftm,278_ftmmother,F,,,0.0,Parents
274a_ftm,274a_ftmmother,F,,,0.0,Parents
276a_ftm,276a_ftmmother,F,276a_ftmGP3,276a_ftmGP4,0.0,Parents
276a_ftm,276a_ftmGP2,F,,,0.0,Parents
276a_ftm,276a_ftmi2,F,276a_ftmgp7,276a_ftmgp8,0.0,Parents
277a_ftm,277a_ftmmother,F,277a_ftmGP3,277a_ftmGP4,0.0,Parents
278a_ftm,278a_ftmmother,F,278a_ftmGP3,278a_ftmGP4,0.0,Parents
286_ftm,286_ftmmother,F,,,0.0,Parents
287_ftm,287_ftmmother,F,287_ftmGP3,287_ftmGP4,0.0,Parents
288_ftm,288_ftmmother,F,,,0.0,Parents
289_ftm,289_ftmmother,F,289_ftmGP3,289_ftmGP4,0.0,Parents
290_ftm,290_ftmmother,F,290_ftmGP3,290_ftmGP4,0.0,Parents
291_ftm,291_ftmi2,F,,,0.0,Parents
291_ftm,291_ftmmother,F,291_ftmGP3,291_ftmGP4,0.0,Parents
294_ftm,294_ftmmother,F,294_ftmGP3,294_ftmGP4,0.0,Parents
295_ftm,295_ftmmother,F,,,0.0,Parents
296_ftm,296_ftmmother,F,296_ftmGP3,296_ftmGP4,0.0,Parents
297_ftm,297_ftmmother,F,297_ftmGP1,297_ftmGP2,0.0,Parents
298_ftm,298_ftmmother,F,,,0.0,Parents
299_ftm,299_ftmmother,F,299_ftmGP3,299_ftmGP4,0.0,Parents
300_ftm,300_ftmmother,F,,,0.0,Parents
301_ftm,301_ftmmother,F,301_ftmGP3,301_ftmGP4,0.0,Parents
302_ftm,302_ftmmother,F,302_ftmGP3,302_ftmGP4,0.0,Parents
001_lbj,001_lbjmother,F,001_lbjGP3,001_lbjGP4,0.0,Parents
002_lbj,002_lbjmother,F,002_lbjGP3,002_lbjGP4,0.0,Parents
003_lbj,003_lbjmother,F,,,0.0,Parents
004_lbj,004_lbjmother,F,004_lbjGP3,004_lbjGP4,0.0,Parents
013_lbj,013_lbjmother,F,,,0.0,Parents
014_lbj,014_lbjmother,F,014_lbjGP3,014_lbjGP4,0.0,Parents
015_lbj,015_lbjmother,F,015_lbjGP3,015_lbjGP4,0.0,Parents
016_lbj,016_lbjmother,F,016_lbjGP3,016_lbjGP4,0.0,Parents
017_lbj,017_lbjmother,F,017_lbjGP3,017_lbjGP4,0.0,Parents
018_lbj,018_lbjmother,F,,,0.0,Parents
019_lbj,019_lbjmother,F,019_lbjGP3,019_lbjGP4,0.0,Parents
020_lbj,020_lbjmother,F,020_lbjGP3,020_lbjGP4,0.0,Parents
021_lbj,021_lbjmother,F,,,0.0,Parents
022_wrut,022_wrutmother,F,022_wrutGP3,022_wrutGP4,0.0,Parents
023_wrut,023_wrutmother,F,023_wrutGP3,023_wrutGP4,0.0,Parents
024_wrut,024_wrutmother,F,024_wrutGP3,024_wrutGP4,0.0,Parents
025_wrut,025_wrutmother,F,025_wrutGP3,025_wrutGP4,0.0,Parents
026_wrut,026_wrutmother,F,026_wrutGP1,026_wrutGP2,0.0,Parents
027_wrut,027_wrutmother,F,027_wrutGP3,027_wrutGP4,0.0,Parents
028_wrut,028_wrutmother,F,028_wrutGP3,028_wrutGP4,0.0,Parents
029_wrut,029_wrutmother,F,,,0.0,Parents
030_wrut,030_wrutmother,F,,,0.0,Parents
031_wrut,031_wrutmother,F,031_wrutGP3,031_wrutGP4,0.0,Parents
032_wrut,032_wrutmother,F,,,0.0,Parents
034_wrut,034_wrutmother,F,034_wrutGP3,034_wrutGP4,0.0,Parents
036_wrut,036_wrutmother,F,,,0.0,Parents
037_wrut,037_wrutmother,F,037_wrutGP3,037_wrutGP4,0.0,Parents
039_wrut,039_wrutmother,F,,,0.0,Parents
041_wrut,041_wrutmother,F,041_wrutGP3,041_wrutGP4,0.0,Parents
043_wrut,043_wrutmother,F,043_wrutGP3,043_wrutGP4,0.0,Parents
044_wrut,044_wrutmother,F,044_wrutGP3,044_wrutGP4,0.0,Parents
045_wrut,045_wrutmother,F,045_wrutGP3,045_wrutGP4,0.0,Parents
046_wrut,046_wrutmother,F,046_wrutGP3,046_wrutGP4,0.0,Parents
047_wrut,047_wrutmother,F,047_wrutGP3,047_wrutGP4,0.0,Parents
048_wrut,048_wrutmother,F,048_wrutGP3,048_wrutGP4,0.0,Parents
050_wrut,050_wrutmother,F,,,0.0,Parents
051_wrut,051_wrutmother,F,,,1.0,Parents
052_wrut,052_wrutmother,F,,,0.0,Parents
053_wrut,053_wrutmother,F,,,0.0,Parents
054_wrut,054_wrutmother,F,054_wrutGP3,054_wrutGP4,0.0,Parents
055_wrut,055_wrutmother,F,055_wrutGP3,055_wrutGP4,0.0,Parents
056_wrut,056_wrutmother,F,056_wrutGP1,056_wrutGP2,0.0,Parents
058_wrut,058_wrutmother,F,058_wrutGP3,058_wrutGP4,0.0,Parents
060_wrut,060_wrutmother,F,060_wrutGP3,060_wrutGP4,0.0,Parents
062_wrut,062_wrutmother,F,062_wrutGP1,062_wrutGP2,0.0,Parents
063_wrut,063_wrutmother,F,,,0.0,Parents
064_wrut,064_wrutmother,F,,,0.0,Parents
065_wrut,065_wrutmother,F,,,0.0,Parents
066_wrut,066_wrutmother,F,,,0.0,Parents
067_wrut,067_wrutmother,F,,,0.0,Parents
068_wrut,068_wrutmother,F,,,0.0,Parents
069_wrut,069_wrutmother,F,069_wrutGP3,069_wrutGP4,0.0,Parents
070_wrut,070_wrutmother,F,070_wrutGP3,070_wrutGP4,0.0,Parents
071_wrut,071_wrutmother,F,071_wrutGP3,071_wrutGP4,0.0,Parents
072_wrut,072_wrutmother,F,072_wrutGP3,072_wrutGP4,0.0,Parents
074_wrut,074_wrutmother,F,074_wrutGP3,074_wrutGP4,0.0,Parents
075_wrut,075_wrutmother,F,,,0.0,Parents
076_wrut,076_wrutmother,F,076_wrutGP3,076_wrutGP4,0.0,Parents
077_wrut,077_wrutmother,F,,,0.0,Parents
078_wrut,078_wrutmother,F,078_wrutGP3,078_wrutGP4,0.0,Parents
079_wrut,079_wrutmother,F,,,0.0,Parents
080_wrut,080_wrutmother,F,080_wrutGP3,080_wrutGP4,0.0,Parents
081_wrut,081_wrutmother,F,,,0.0,Parents
082_wrut,082_wrutmother,F,082_wrutGP3,082_wrutGP4,0.0,Parents
085_wrut,085_wrutmother,F,085_wrutGP3,085_wrutGP4,0.0,Parents
086_wrut,086_wrutmother,F,086_wrutGP3,086_wrutGP4,0.0,Parents
087_wrut,087_wrutmother,F,087_wrutGP3,087_wrutGP4,0.0,Parents
088_wrut,088_wrutmother,F,,,0.0,Parents
089_wrut,089_wrutmother,F,,,0.0,Parents
090_wrut,090_wrutmother,F,090_wrutGP3,090_wrutGP4,0.0,Parents
091_wrut,091_wrutmother,F,,,0.0,Parents
092_wrut,092_wrutmother,F,,,0.0,Parents
093_wrut,093_wrutmother,F,,,0.0,Parents
094_wrut,094_wrutmother,F,094_wrutGP3,094_wrutGP4,0.0,Parents
095_wrut,095_wrutmother,F,,,0.0,Parents
096_wrut,096_wrutmother,F,,,0.0,Parents
097_wrut,097_wrutmother,F,,,0.0,Parents
098_wrut,098_wrutmother,F,098_wrutGP3,098_wrutGP4,0.0,Parents
098b_wrut,098b_wrutmother,F,,,0.0,Parents
099_wrut,099_wrutmother,F,,,0.0,Parents
100_wrut,100_wrutmother,F,100_wrutGP3,100_wrutGP4,0.0,Parents
101_wrut,101_wrutmother,F,,,0.0,Parents
102_wrut,102_wrutmother,F,102_wrutGP3,102_wrutGP4,0.0,Parents
103_wrut,103_wrutmother,F,103_wrutGP3,103_wrutGP4,0.0,Parents
104_wrut,104_wrutmother,F,,,0.0,Parents
105_wrut,105_wrutmother,F,105_wrutGP3,105_wrutGP4,0.0,Parents
106_wrut,106_wrutmother,F,,,0.0,Parents
108_wrut,108_wrutmother,F,,,0.0,Parents
109_wrut,109_wrutmother,F,,,0.0,Parents
112_wrut,112_wrutmother,F,,,0.0,Parents
114_wrut,114_wrutmother,F,,,0.0,Parents
110_wrut,110_wrutmother,F,,,0.0,Parents
115_nrut,115_nrutmother,F,,,0.0,Parents
116_nrut,116_nrutmother,F,,,0.0,Parents
117_nrut,117_nrutmother,F,117_nrutGP1,117_nrutGP2,0.0,Parents
118_nrut,118_nrutmother,F,,,0.0,Parents
120_nrut,120_nrutmother,F,,,0.0,Parents
122_nrut,122_nrutmother,F,,,0.0,Parents
123_nrut,123_nrutmother,F,,,0.0,Parents
124_nrut,124_nrutmother,F,,,0.0,Parents
126_nrut,126_nrutmother,F,,,0.0,Parents
129_nrut,129_nrutmother,F,,,1.0,Parents
131b_nrut,131b_nrutmother,F,,,0.0,Parents
132_nrut,132_nrutmother,F,,,0.0,Parents
133_nrut,133_nrutmother,F,,,0.0,Parents
134_nrut,134_nrutmother,F,,,0.0,Parents
135_nrut,135_nrutmother,F,,,0.0,Parents
136_nrut,136_nrutmother,F,,,0.0,Parents
137_nrut,137_nrutmother,F,137_nrutGP3,137_nrutGP4,0.0,Parents
139_nrut,139_nrutmother,F,,,1.0,Parents
140_nrut,140_nrutmother,F,,,1.0,Parents
141_nrut,141_nrutmother,F,141_nrutGP3,141_nrutGP4,0.0,Parents
143_nrut,143_nrutmother,F,,,0.0,Parents
144_nrut,144_nrutmother,F,144_nrutGP3,144_nrutGP4,0.0,Parents
145_srut,145_srutmother,F,,,0.0,Parents
146_srut,146_srutmother,F,,,0.0,Parents
147_srut,147_srutmother,F,,,0.0,Parents
148_srut,148_srutmother,F,148_srutGP3,148_srutGP4,0.0,Parents
149_srut,149_srutmother,F,149_srutGP3,149_srutGP4,0.0,Parents
150_srut,150_srutmother,F,,,0.0,Parents
151_srut,151_srutmother,F,,,0.0,Parents
152_srut,152_srutmother,F,,,0.0,Parents
153_srut,153_srutmother,F,,,0.0,Parents
154_srut,154_srutmother,F,,,0.0,Parents
155_srut,155_srutmother,F,155_srutGP3,155_srutGP4,0.0,Parents
156_srut,156_srutmother,F,,,0.0,Parents
157_srut,157_srutmother,F,,,0.0,Parents
158_srut,158_srutmother,F,,,0.0,Parents
159_srut,159_srutmother,F,,,0.0,Parents
161_srut,161_srutmother,F,,,0.0,Parents
162_srut,162_srutmother,F,,,0.0,Parents
164_srut,164_srutmother,F,,,0.0,Parents
165_srut,165_srutmother,F,165_srutGP3,165_srutGP4,1.0,Parents
167_srut,167_srutmother,F,,,0.0,Parents
168_srut,168_srutmother,F,,,0.0,Parents
169_srut,169_srutmother,F,,,0.0,Parents
170_srut,170_srutmother,F,,,0.0,Parents
171_srut,171_srutmother,F,171_srutGP3,171_srutGP4,0.0,Parents
174_srut,174_srutmother,F,,,0.0,Parents
175_srut,175_srutmother,F,175_srutGP3,175_srutGP4,0.0,Parents
176_srut,176_srutmother,F,,,0.0,Parents
177_srut,177_srutmother,F,,,0.0,Parents
178_srut,178_srutmother,F,,,0.0,Parents
179_srut,179_srutmother,F,179_srutGP3,179_srutGP4,0.0,Parents
180_nrut,180_nrutmother,F,,,0.0,Parents
181_nrut,181_nrutmother,F,,,0.0,Parents
182_nrut,182_nrutmother,F,,,0.0,Parents
183_nrut,183_nrutmother,F,183_nrutGP3,183_nrutGP4,0.0,Parents
184_nrut,184_nrutmother,F,,,0.0,Parents
185_nrut,185_nrutmother,F,,,0.0,Parents
186_nrut,186_nrutmother,F,,,0.0,Parents
187_nrut,187_nrutmother,F,187_nrutGP3,187_nrutGP4,0.0,Parents
189_nrut,189_nrutmother,F,189_nrutGP3,189_nrutGP4,0.0,Parents
190_nrut,190_nrutmother,F,,,0.0,Parents
191_nrut,191_nrutmother,F,191_nrutGP3,191_nrutGP4,0.0,Parents
192_nrut,192_nrutmother,F,,,0.0,Parents
193_nrut,193_nrutmother,F,,,0.0,Parents
194_nrut,194_nrutmother,F,,,0.0,Parents
196_nrut,196_nrutmother,F,,,0.0,Parents
197_nrut,197_nrutmother,F,,,0.0,Parents
198a_nrut,198a_nrutmother,F,198a_nrutGP3,198a_nrutGP4,0.0,Parents
199_nrut,199_nrutmother,F,199_nrutGP3,199_nrutGP4,0.0,Parents
200_nrut,200_nrutmother,F,,,0.0,Parents
201_nrut,201_nrutmother,F,,,0.0,Parents
203_nrut,203_nrutmother,F,203_nrutGP3,203_nrutGP4,0.0,Parents
204_nrut,204_nrutmother,F,,,0.0,Parents
205_nrut,205_nrutmother,F,,,0.0,Parents
207_nrut,207_nrutmother,F,,,0.0,Parents
208_todo,208_todomother,F,208_todoGP3,208_todoGP4,0.0,Parents
209_todo,209_todomother,F,209_todoGP3,209_todoGP4,0.0,Parents
211_todo,211_todomother,F,211_todoGP3,211_todoGP4,0.0,Parents
214_todo,214_todomother,F,214_todoGP3,214_todoGP4,0.0,Parents
215_todo,215_todomother,F,,,1.0,Parents
217_todo,217_todomother,F,,,0.0,Parents
218_todo,218_todomother,F,,,0.0,Parents
219_todo,219_todomother,F,219_todoGP3,219_todoGP4,0.0,Parents
221_todo,221_todomother,F,,,0.0,Parents
222_todo,222_todomother,F,,,1.0,Parents
223_todo,223_todomother,F,,,0.0,Parents
225_todo,225_todomother,F,225_todoGP3,225_todoGP4,0.0,Parents
226_todo,226_todomother,F,,,0.0,Parents
227_todo,227_todomother,F,,,0.0,Parents
228_todo,228_todomother,F,228_todoGP3,228_todoGP4,0.0,Parents
229_todo,229_todomother,F,,,0.0,Parents
230_todo,230_todomother,F,,,0.0,Parents
231_todo,231_todomother,F,,,0.0,Parents
232_todo,232_todomother,F,,,0.0,Parents
234_todo,234_todomother,F,,,0.0,Parents
235_todo,235_todomother,F,,,0.0,Parents
236_todo,236_todomother,F,236_todoGP3,236_todoGP4,0.0,Parents
237_todo,237_todomother,F,,,0.0,Parents
238_todo,238_todomother,F,238_todoGP3,238_todoGP4,0.0,Parents
239_todo,239_todomother,F,,,0.0,Parents
240_todo,240_todomother,F,240_todoGP3,240_todoGP4,0.0,Parents
241_todo,241_todomother,F,,,0.0,Parents
242_todo,242_todomother,F,,,0.0,Parents
243_todo,243_todomother,F,,,0.0,Parents
244_todo,244_todomother,F,,,0.0,Parents
245_todo,245_todomother,F,,,0.0,Parents
247_todo,247_todomother,F,,,0.0,Parents
248_todo,248_todomother,F,,,0.0,Parents
249_todo,249_todomother,F,,,0.0,Parents
250_todo,250_todomother,F,,,0.0,Parents
251_todo,251_todomother,F,,,0.0,Parents
251b_todo,251b_todos1wife,F,,,0.0,Parents
251b_todo,251b_todomother,F,251b_todoGP3,251b_todoGP4,0.0,Parents
252_todo,252_todomother,F,,,0.0,Parents
253_todo,253_todomother,F,,,0.0,Parents
254b_rutl,254b_rutlmother,F,,,0.0,Parents
255_rutl,255_rutlmother,F,,,0.0,Parents
256_rutl,256_rutlmother,F,,,0.0,Parents
257_rutl,257_rutlmother,F,,,0.0,Parents
258_rutl,258_rutlmother,F,258_rutlGP3,258_rutlGP4,0.0,Parents
259_rutl,259_rutlmother,F,,,0.0,Parents
260_rutl,260_rutlmother,F,260_rutlGP3,260_rutlGP4,0.0,Parents
261_rutl,261_rutlmother,F,261_rutlGP3,261_rutlGP4,0.0,Parents
262_rutl,262_rutlmother,F,,,0.0,Parents
263_rutl,263_rutlmother,F,,,0.0,Parents
264_rutl,264_rutlmother,F,,,0.0,Parents
265_rutl,265_rutlmother,F,,,0.0,Parents
266_rutl,266_rutlmother,F,,,0.0,Parents
267_rutl,267_rutlmother,F,267_rutlGP3,267_rutlGP4,0.0,Parents
268_rutl,268_rutlmother,F,,,0.0,Parents
269_rutl,269_rutlmother,F,,,0.0,Parents
270_rutl,270_rutlmother,F,270_rutlGP3,270_rutlGP4,0.0,Parents
271_rutl,271_rutlmother,F,271_rutlGP3,271_rutlGP4,0.0,Parents
272_rutl,272_rutlmother,F,,,0.0,Parents
273_rutl,273_rutlmother,F,,,0.0,Parents
274_rutl,274_rutlmother,F,,,0.0,Parents
275_rutl,275_rutlmother,F,,,0.0,Parents
276_rutl,276_rutlmother,F,,,0.0,Parents
279_lbj,279_lbjmother,F,,,0.0,Parents
280_lbj,280_lbjmother,F,,,0.0,Parents
281_lbj,281_lbjmother,F,,,0.0,Parents
282_lbj,282_lbjmother,F,,,0.0,Parents
283_lbj,283_lbjmother,F,283_lbjGP1,283_lbjGP2,0.0,Parents
284_lbj,284_lbjmother,F,,,0.0,Parents
285_lbj,285_lbjmother,F,,,0.0,Parents
286_lbj,286_lbjmother,F,,,0.0,Parents
287_lbj,287_lbjmother,F,,,0.0,Parents
288_lbj,288_lbjmother,F,,,0.0,Parents
289_lbj,289_lbjmother,F,,,0.0,Parents
291_lbj,291_lbjmother,F,,,0.0,Parents
292_lbj,292_lbjmother,F,,,0.0,Parents
293_lbj,293_lbjmother,F,,,0.0,Parents
294_lbj,294_lbjmother,F,,,0.0,Parents
295_lbj,295_lbjmother,F,,,0.0,Parents
296_lbj,296_lbjmother,F,,,0.0,Parents
297_lbj,297_lbjmother,F,,,0.0,Parents
298_lbj,298_lbjmother,F,,,0.0,Parents
299_lbj,299_lbjmother,F,,,0.0,Parents
53_ruteng,53_rutengmotherb,F,,,,Parents
106_wangka,106_wangkamother107,F,106_wangkaGP7,106_wangkaGP8,,Parents
018_sik,018_sikmother,F,,,,Parents
028_end,028_endmother,F,,,,Parents
